ISO-10303-21;
HEADER;
/* Generated by software containing ST-Developer
 * from STEP Tools, Inc. (www.steptools.com) 
 */

FILE_DESCRIPTION(
/* description */ (''),
/* implementation_level */ '2;1');

FILE_NAME(
/* name */ 'Greenlight Case.step',
/* time_stamp */ '2026-05-24T18:36:24+01:00',
/* author */ (''),
/* organization */ (''),
/* preprocessor_version */ 'ST-DEVELOPER v20.1',
/* originating_system */ 'Autodesk Translation Framework v15.8.0.0',
/* authorisation */ '');

FILE_SCHEMA (('AUTOMOTIVE_DESIGN { 1 0 10303 214 3 1 1 }'));
ENDSEC;

DATA;
#10=MECHANICAL_DESIGN_GEOMETRIC_PRESENTATION_REPRESENTATION('',(#16,#17,
#18),#4463);
#11=SHAPE_REPRESENTATION_RELATIONSHIP('SRR','None',#4469,#12);
#12=ADVANCED_BREP_SHAPE_REPRESENTATION('',(#19,#20,#21),#4462);
#13=B_SPLINE_SURFACE_WITH_KNOTS('',2,1,((#4099,#4100),(#4101,#4102),(#4103,
#4104)),.UNSPECIFIED.,.F.,.F.,.F.,(3,3),(2,2),(0.,1.),(-0.02,0.),
 .UNSPECIFIED.);
#14=B_SPLINE_CURVE_WITH_KNOTS('',2,(#4067,#4068,#4069),.UNSPECIFIED.,.F.,
 .F.,(3,3),(0.,1.),.UNSPECIFIED.);
#15=B_SPLINE_CURVE_WITH_KNOTS('',2,(#4106,#4107,#4108),.UNSPECIFIED.,.F.,
 .F.,(3,3),(0.,1.),.UNSPECIFIED.);
#16=STYLED_ITEM('',(#4478),#19);
#17=STYLED_ITEM('',(#4478),#20);
#18=STYLED_ITEM('',(#4478),#21);
#19=MANIFOLD_SOLID_BREP('Case Body',#2685);
#20=MANIFOLD_SOLID_BREP('Case Front',#2686);
#21=MANIFOLD_SOLID_BREP('Case Stand',#2687);
#22=TOROIDAL_SURFACE('',#2789,3.25000000000001,0.5);
#23=TOROIDAL_SURFACE('',#2794,3.25,0.5);
#24=TOROIDAL_SURFACE('',#2799,3.25,0.5);
#25=TOROIDAL_SURFACE('',#2804,3.25,0.5);
#26=FACE_BOUND('',#328,.T.);
#27=FACE_BOUND('',#339,.T.);
#28=FACE_BOUND('',#341,.T.);
#29=FACE_BOUND('',#342,.T.);
#30=FACE_BOUND('',#344,.T.);
#31=FACE_BOUND('',#345,.T.);
#32=FACE_BOUND('',#349,.T.);
#33=FACE_BOUND('',#350,.T.);
#34=FACE_BOUND('',#361,.T.);
#35=FACE_BOUND('',#364,.T.);
#36=FACE_BOUND('',#367,.T.);
#37=FACE_BOUND('',#370,.T.);
#38=FACE_BOUND('',#372,.T.);
#39=FACE_BOUND('',#377,.T.);
#40=FACE_BOUND('',#380,.T.);
#41=FACE_BOUND('',#442,.T.);
#42=FACE_BOUND('',#445,.T.);
#43=FACE_BOUND('',#448,.T.);
#44=FACE_BOUND('',#451,.T.);
#45=FACE_BOUND('',#480,.T.);
#46=FACE_BOUND('',#481,.T.);
#47=FACE_BOUND('',#484,.T.);
#48=FACE_BOUND('',#485,.T.);
#49=FACE_BOUND('',#486,.T.);
#50=FACE_BOUND('',#487,.T.);
#51=FACE_BOUND('',#488,.T.);
#52=PLANE('',#2692);
#53=PLANE('',#2693);
#54=PLANE('',#2703);
#55=PLANE('',#2704);
#56=PLANE('',#2705);
#57=PLANE('',#2708);
#58=PLANE('',#2709);
#59=PLANE('',#2710);
#60=PLANE('',#2711);
#61=PLANE('',#2712);
#62=PLANE('',#2713);
#63=PLANE('',#2716);
#64=PLANE('',#2719);
#65=PLANE('',#2726);
#66=PLANE('',#2734);
#67=PLANE('',#2738);
#68=PLANE('',#2742);
#69=PLANE('',#2746);
#70=PLANE('',#2749);
#71=PLANE('',#2752);
#72=PLANE('',#2755);
#73=PLANE('',#2758);
#74=PLANE('',#2759);
#75=PLANE('',#2760);
#76=PLANE('',#2761);
#77=PLANE('',#2762);
#78=PLANE('',#2763);
#79=PLANE('',#2764);
#80=PLANE('',#2765);
#81=PLANE('',#2766);
#82=PLANE('',#2767);
#83=PLANE('',#2768);
#84=PLANE('',#2769);
#85=PLANE('',#2770);
#86=PLANE('',#2771);
#87=PLANE('',#2772);
#88=PLANE('',#2773);
#89=PLANE('',#2774);
#90=PLANE('',#2775);
#91=PLANE('',#2776);
#92=PLANE('',#2777);
#93=PLANE('',#2780);
#94=PLANE('',#2781);
#95=PLANE('',#2782);
#96=PLANE('',#2783);
#97=PLANE('',#2807);
#98=PLANE('',#2809);
#99=PLANE('',#2810);
#100=PLANE('',#2812);
#101=PLANE('',#2814);
#102=PLANE('',#2815);
#103=PLANE('',#2816);
#104=PLANE('',#2817);
#105=PLANE('',#2818);
#106=PLANE('',#2819);
#107=PLANE('',#2820);
#108=PLANE('',#2821);
#109=PLANE('',#2822);
#110=PLANE('',#2823);
#111=PLANE('',#2824);
#112=PLANE('',#2825);
#113=PLANE('',#2826);
#114=PLANE('',#2827);
#115=PLANE('',#2828);
#116=PLANE('',#2829);
#117=PLANE('',#2833);
#118=PLANE('',#2837);
#119=PLANE('',#2841);
#120=PLANE('',#2845);
#121=PLANE('',#2849);
#122=PLANE('',#2853);
#123=PLANE('',#2857);
#124=PLANE('',#2861);
#125=PLANE('',#2862);
#126=PLANE('',#2863);
#127=PLANE('',#2864);
#128=PLANE('',#2865);
#129=PLANE('',#2866);
#130=PLANE('',#2867);
#131=PLANE('',#2868);
#132=PLANE('',#2869);
#133=PLANE('',#2870);
#134=PLANE('',#2871);
#135=PLANE('',#2872);
#136=PLANE('',#2873);
#137=PLANE('',#2874);
#138=PLANE('',#2875);
#139=PLANE('',#2876);
#140=PLANE('',#2877);
#141=PLANE('',#2878);
#142=PLANE('',#2879);
#143=PLANE('',#2880);
#144=PLANE('',#2881);
#145=PLANE('',#2882);
#146=PLANE('',#2883);
#147=PLANE('',#2884);
#148=PLANE('',#2885);
#149=PLANE('',#2886);
#150=PLANE('',#2887);
#151=PLANE('',#2888);
#152=PLANE('',#2889);
#153=PLANE('',#2890);
#154=PLANE('',#2891);
#155=PLANE('',#2895);
#156=PLANE('',#2896);
#157=PLANE('',#2906);
#158=PLANE('',#2907);
#159=PLANE('',#2910);
#160=PLANE('',#2913);
#161=PLANE('',#2916);
#162=PLANE('',#2917);
#163=PLANE('',#2918);
#164=PLANE('',#2921);
#165=PLANE('',#2924);
#166=PLANE('',#2927);
#167=FACE_OUTER_BOUND('',#325,.T.);
#168=FACE_OUTER_BOUND('',#326,.T.);
#169=FACE_OUTER_BOUND('',#327,.T.);
#170=FACE_OUTER_BOUND('',#329,.T.);
#171=FACE_OUTER_BOUND('',#330,.T.);
#172=FACE_OUTER_BOUND('',#331,.T.);
#173=FACE_OUTER_BOUND('',#332,.T.);
#174=FACE_OUTER_BOUND('',#333,.T.);
#175=FACE_OUTER_BOUND('',#334,.T.);
#176=FACE_OUTER_BOUND('',#335,.T.);
#177=FACE_OUTER_BOUND('',#336,.T.);
#178=FACE_OUTER_BOUND('',#337,.T.);
#179=FACE_OUTER_BOUND('',#338,.T.);
#180=FACE_OUTER_BOUND('',#340,.T.);
#181=FACE_OUTER_BOUND('',#343,.T.);
#182=FACE_OUTER_BOUND('',#346,.T.);
#183=FACE_OUTER_BOUND('',#347,.T.);
#184=FACE_OUTER_BOUND('',#348,.T.);
#185=FACE_OUTER_BOUND('',#351,.T.);
#186=FACE_OUTER_BOUND('',#352,.T.);
#187=FACE_OUTER_BOUND('',#353,.T.);
#188=FACE_OUTER_BOUND('',#354,.T.);
#189=FACE_OUTER_BOUND('',#355,.T.);
#190=FACE_OUTER_BOUND('',#356,.T.);
#191=FACE_OUTER_BOUND('',#357,.T.);
#192=FACE_OUTER_BOUND('',#358,.T.);
#193=FACE_OUTER_BOUND('',#359,.T.);
#194=FACE_OUTER_BOUND('',#360,.T.);
#195=FACE_OUTER_BOUND('',#362,.T.);
#196=FACE_OUTER_BOUND('',#363,.T.);
#197=FACE_OUTER_BOUND('',#365,.T.);
#198=FACE_OUTER_BOUND('',#366,.T.);
#199=FACE_OUTER_BOUND('',#368,.T.);
#200=FACE_OUTER_BOUND('',#369,.T.);
#201=FACE_OUTER_BOUND('',#371,.T.);
#202=FACE_OUTER_BOUND('',#373,.T.);
#203=FACE_OUTER_BOUND('',#374,.T.);
#204=FACE_OUTER_BOUND('',#375,.T.);
#205=FACE_OUTER_BOUND('',#376,.T.);
#206=FACE_OUTER_BOUND('',#378,.T.);
#207=FACE_OUTER_BOUND('',#379,.T.);
#208=FACE_OUTER_BOUND('',#381,.T.);
#209=FACE_OUTER_BOUND('',#382,.T.);
#210=FACE_OUTER_BOUND('',#383,.T.);
#211=FACE_OUTER_BOUND('',#384,.T.);
#212=FACE_OUTER_BOUND('',#385,.T.);
#213=FACE_OUTER_BOUND('',#386,.T.);
#214=FACE_OUTER_BOUND('',#387,.T.);
#215=FACE_OUTER_BOUND('',#388,.T.);
#216=FACE_OUTER_BOUND('',#389,.T.);
#217=FACE_OUTER_BOUND('',#390,.T.);
#218=FACE_OUTER_BOUND('',#391,.T.);
#219=FACE_OUTER_BOUND('',#392,.T.);
#220=FACE_OUTER_BOUND('',#393,.T.);
#221=FACE_OUTER_BOUND('',#394,.T.);
#222=FACE_OUTER_BOUND('',#395,.T.);
#223=FACE_OUTER_BOUND('',#396,.T.);
#224=FACE_OUTER_BOUND('',#397,.T.);
#225=FACE_OUTER_BOUND('',#398,.T.);
#226=FACE_OUTER_BOUND('',#399,.T.);
#227=FACE_OUTER_BOUND('',#400,.T.);
#228=FACE_OUTER_BOUND('',#401,.T.);
#229=FACE_OUTER_BOUND('',#402,.T.);
#230=FACE_OUTER_BOUND('',#403,.T.);
#231=FACE_OUTER_BOUND('',#404,.T.);
#232=FACE_OUTER_BOUND('',#405,.T.);
#233=FACE_OUTER_BOUND('',#406,.T.);
#234=FACE_OUTER_BOUND('',#407,.T.);
#235=FACE_OUTER_BOUND('',#408,.T.);
#236=FACE_OUTER_BOUND('',#409,.T.);
#237=FACE_OUTER_BOUND('',#410,.T.);
#238=FACE_OUTER_BOUND('',#411,.T.);
#239=FACE_OUTER_BOUND('',#412,.T.);
#240=FACE_OUTER_BOUND('',#413,.T.);
#241=FACE_OUTER_BOUND('',#414,.T.);
#242=FACE_OUTER_BOUND('',#415,.T.);
#243=FACE_OUTER_BOUND('',#416,.T.);
#244=FACE_OUTER_BOUND('',#417,.T.);
#245=FACE_OUTER_BOUND('',#418,.T.);
#246=FACE_OUTER_BOUND('',#419,.T.);
#247=FACE_OUTER_BOUND('',#420,.T.);
#248=FACE_OUTER_BOUND('',#421,.T.);
#249=FACE_OUTER_BOUND('',#422,.T.);
#250=FACE_OUTER_BOUND('',#423,.T.);
#251=FACE_OUTER_BOUND('',#424,.T.);
#252=FACE_OUTER_BOUND('',#425,.T.);
#253=FACE_OUTER_BOUND('',#426,.T.);
#254=FACE_OUTER_BOUND('',#427,.T.);
#255=FACE_OUTER_BOUND('',#428,.T.);
#256=FACE_OUTER_BOUND('',#429,.T.);
#257=FACE_OUTER_BOUND('',#430,.T.);
#258=FACE_OUTER_BOUND('',#431,.T.);
#259=FACE_OUTER_BOUND('',#432,.T.);
#260=FACE_OUTER_BOUND('',#433,.T.);
#261=FACE_OUTER_BOUND('',#434,.T.);
#262=FACE_OUTER_BOUND('',#435,.T.);
#263=FACE_OUTER_BOUND('',#436,.T.);
#264=FACE_OUTER_BOUND('',#437,.T.);
#265=FACE_OUTER_BOUND('',#438,.T.);
#266=FACE_OUTER_BOUND('',#439,.T.);
#267=FACE_OUTER_BOUND('',#440,.T.);
#268=FACE_OUTER_BOUND('',#441,.T.);
#269=FACE_OUTER_BOUND('',#443,.T.);
#270=FACE_OUTER_BOUND('',#444,.T.);
#271=FACE_OUTER_BOUND('',#446,.T.);
#272=FACE_OUTER_BOUND('',#447,.T.);
#273=FACE_OUTER_BOUND('',#449,.T.);
#274=FACE_OUTER_BOUND('',#450,.T.);
#275=FACE_OUTER_BOUND('',#452,.T.);
#276=FACE_OUTER_BOUND('',#453,.T.);
#277=FACE_OUTER_BOUND('',#454,.T.);
#278=FACE_OUTER_BOUND('',#455,.T.);
#279=FACE_OUTER_BOUND('',#456,.T.);
#280=FACE_OUTER_BOUND('',#457,.T.);
#281=FACE_OUTER_BOUND('',#458,.T.);
#282=FACE_OUTER_BOUND('',#459,.T.);
#283=FACE_OUTER_BOUND('',#460,.T.);
#284=FACE_OUTER_BOUND('',#461,.T.);
#285=FACE_OUTER_BOUND('',#462,.T.);
#286=FACE_OUTER_BOUND('',#463,.T.);
#287=FACE_OUTER_BOUND('',#464,.T.);
#288=FACE_OUTER_BOUND('',#465,.T.);
#289=FACE_OUTER_BOUND('',#466,.T.);
#290=FACE_OUTER_BOUND('',#467,.T.);
#291=FACE_OUTER_BOUND('',#468,.T.);
#292=FACE_OUTER_BOUND('',#469,.T.);
#293=FACE_OUTER_BOUND('',#470,.T.);
#294=FACE_OUTER_BOUND('',#471,.T.);
#295=FACE_OUTER_BOUND('',#472,.T.);
#296=FACE_OUTER_BOUND('',#473,.T.);
#297=FACE_OUTER_BOUND('',#474,.T.);
#298=FACE_OUTER_BOUND('',#475,.T.);
#299=FACE_OUTER_BOUND('',#476,.T.);
#300=FACE_OUTER_BOUND('',#477,.T.);
#301=FACE_OUTER_BOUND('',#478,.T.);
#302=FACE_OUTER_BOUND('',#479,.T.);
#303=FACE_OUTER_BOUND('',#482,.T.);
#304=FACE_OUTER_BOUND('',#483,.T.);
#305=FACE_OUTER_BOUND('',#489,.T.);
#306=FACE_OUTER_BOUND('',#490,.T.);
#307=FACE_OUTER_BOUND('',#491,.T.);
#308=FACE_OUTER_BOUND('',#492,.T.);
#309=FACE_OUTER_BOUND('',#493,.T.);
#310=FACE_OUTER_BOUND('',#494,.T.);
#311=FACE_OUTER_BOUND('',#495,.T.);
#312=FACE_OUTER_BOUND('',#496,.T.);
#313=FACE_OUTER_BOUND('',#497,.T.);
#314=FACE_OUTER_BOUND('',#498,.T.);
#315=FACE_OUTER_BOUND('',#499,.T.);
#316=FACE_OUTER_BOUND('',#500,.T.);
#317=FACE_OUTER_BOUND('',#501,.T.);
#318=FACE_OUTER_BOUND('',#502,.T.);
#319=FACE_OUTER_BOUND('',#503,.T.);
#320=FACE_OUTER_BOUND('',#504,.T.);
#321=FACE_OUTER_BOUND('',#505,.T.);
#322=FACE_OUTER_BOUND('',#506,.T.);
#323=FACE_OUTER_BOUND('',#507,.T.);
#324=FACE_OUTER_BOUND('',#508,.T.);
#325=EDGE_LOOP('',(#1757,#1758,#1759,#1760));
#326=EDGE_LOOP('',(#1761,#1762,#1763,#1764));
#327=EDGE_LOOP('',(#1765,#1766,#1767,#1768,#1769,#1770,#1771,#1772,#1773,
#1774,#1775,#1776));
#328=EDGE_LOOP('',(#1777,#1778,#1779,#1780,#1781,#1782,#1783,#1784));
#329=EDGE_LOOP('',(#1785,#1786,#1787,#1788));
#330=EDGE_LOOP('',(#1789,#1790,#1791,#1792));
#331=EDGE_LOOP('',(#1793,#1794,#1795,#1796));
#332=EDGE_LOOP('',(#1797,#1798,#1799,#1800,#1801,#1802,#1803,#1804,#1805,
#1806,#1807,#1808));
#333=EDGE_LOOP('',(#1809,#1810,#1811,#1812));
#334=EDGE_LOOP('',(#1813,#1814,#1815,#1816));
#335=EDGE_LOOP('',(#1817,#1818,#1819,#1820));
#336=EDGE_LOOP('',(#1821,#1822,#1823,#1824));
#337=EDGE_LOOP('',(#1825,#1826,#1827,#1828));
#338=EDGE_LOOP('',(#1829,#1830,#1831,#1832,#1833,#1834,#1835,#1836,#1837,
#1838));
#339=EDGE_LOOP('',(#1839,#1840,#1841,#1842));
#340=EDGE_LOOP('',(#1843,#1844,#1845,#1846));
#341=EDGE_LOOP('',(#1847));
#342=EDGE_LOOP('',(#1848));
#343=EDGE_LOOP('',(#1849,#1850,#1851,#1852));
#344=EDGE_LOOP('',(#1853));
#345=EDGE_LOOP('',(#1854));
#346=EDGE_LOOP('',(#1855,#1856,#1857,#1858));
#347=EDGE_LOOP('',(#1859,#1860,#1861,#1862));
#348=EDGE_LOOP('',(#1863,#1864,#1865,#1866,#1867,#1868,#1869,#1870,#1871,
#1872));
#349=EDGE_LOOP('',(#1873,#1874,#1875,#1876,#1877,#1878,#1879,#1880,#1881,
#1882));
#350=EDGE_LOOP('',(#1883,#1884,#1885,#1886));
#351=EDGE_LOOP('',(#1887,#1888,#1889,#1890));
#352=EDGE_LOOP('',(#1891));
#353=EDGE_LOOP('',(#1892,#1893,#1894,#1895));
#354=EDGE_LOOP('',(#1896));
#355=EDGE_LOOP('',(#1897,#1898,#1899,#1900));
#356=EDGE_LOOP('',(#1901));
#357=EDGE_LOOP('',(#1902,#1903,#1904,#1905));
#358=EDGE_LOOP('',(#1906));
#359=EDGE_LOOP('',(#1907,#1908,#1909,#1910));
#360=EDGE_LOOP('',(#1911));
#361=EDGE_LOOP('',(#1912));
#362=EDGE_LOOP('',(#1913,#1914,#1915,#1916));
#363=EDGE_LOOP('',(#1917));
#364=EDGE_LOOP('',(#1918));
#365=EDGE_LOOP('',(#1919,#1920,#1921,#1922));
#366=EDGE_LOOP('',(#1923));
#367=EDGE_LOOP('',(#1924));
#368=EDGE_LOOP('',(#1925,#1926,#1927,#1928));
#369=EDGE_LOOP('',(#1929));
#370=EDGE_LOOP('',(#1930));
#371=EDGE_LOOP('',(#1931,#1932,#1933,#1934));
#372=EDGE_LOOP('',(#1935,#1936,#1937,#1938));
#373=EDGE_LOOP('',(#1939,#1940,#1941,#1942));
#374=EDGE_LOOP('',(#1943,#1944,#1945,#1946));
#375=EDGE_LOOP('',(#1947,#1948,#1949,#1950));
#376=EDGE_LOOP('',(#1951,#1952,#1953,#1954));
#377=EDGE_LOOP('',(#1955,#1956,#1957,#1958));
#378=EDGE_LOOP('',(#1959,#1960,#1961,#1962));
#379=EDGE_LOOP('',(#1963,#1964,#1965,#1966));
#380=EDGE_LOOP('',(#1967,#1968,#1969,#1970));
#381=EDGE_LOOP('',(#1971,#1972,#1973));
#382=EDGE_LOOP('',(#1974,#1975,#1976,#1977));
#383=EDGE_LOOP('',(#1978,#1979,#1980));
#384=EDGE_LOOP('',(#1981,#1982,#1983));
#385=EDGE_LOOP('',(#1984,#1985,#1986,#1987));
#386=EDGE_LOOP('',(#1988,#1989,#1990));
#387=EDGE_LOOP('',(#1991,#1992,#1993));
#388=EDGE_LOOP('',(#1994,#1995,#1996,#1997));
#389=EDGE_LOOP('',(#1998,#1999,#2000));
#390=EDGE_LOOP('',(#2001,#2002,#2003));
#391=EDGE_LOOP('',(#2004,#2005,#2006,#2007));
#392=EDGE_LOOP('',(#2008,#2009,#2010));
#393=EDGE_LOOP('',(#2011,#2012,#2013,#2014));
#394=EDGE_LOOP('',(#2015,#2016,#2017,#2018));
#395=EDGE_LOOP('',(#2019,#2020,#2021,#2022));
#396=EDGE_LOOP('',(#2023,#2024,#2025,#2026));
#397=EDGE_LOOP('',(#2027,#2028,#2029,#2030));
#398=EDGE_LOOP('',(#2031,#2032,#2033,#2034,#2035,#2036));
#399=EDGE_LOOP('',(#2037,#2038,#2039,#2040));
#400=EDGE_LOOP('',(#2041,#2042,#2043,#2044));
#401=EDGE_LOOP('',(#2045,#2046,#2047,#2048));
#402=EDGE_LOOP('',(#2049,#2050,#2051,#2052));
#403=EDGE_LOOP('',(#2053,#2054,#2055,#2056));
#404=EDGE_LOOP('',(#2057,#2058,#2059,#2060));
#405=EDGE_LOOP('',(#2061,#2062,#2063,#2064));
#406=EDGE_LOOP('',(#2065,#2066,#2067,#2068));
#407=EDGE_LOOP('',(#2069,#2070,#2071,#2072,#2073,#2074));
#408=EDGE_LOOP('',(#2075,#2076,#2077,#2078));
#409=EDGE_LOOP('',(#2079,#2080,#2081,#2082));
#410=EDGE_LOOP('',(#2083,#2084,#2085,#2086));
#411=EDGE_LOOP('',(#2087,#2088,#2089,#2090));
#412=EDGE_LOOP('',(#2091,#2092,#2093,#2094,#2095,#2096));
#413=EDGE_LOOP('',(#2097,#2098,#2099,#2100));
#414=EDGE_LOOP('',(#2101,#2102,#2103,#2104));
#415=EDGE_LOOP('',(#2105,#2106,#2107,#2108));
#416=EDGE_LOOP('',(#2109,#2110,#2111,#2112));
#417=EDGE_LOOP('',(#2113,#2114,#2115,#2116,#2117,#2118,#2119,#2120,#2121,
#2122,#2123,#2124,#2125,#2126));
#418=EDGE_LOOP('',(#2127,#2128,#2129,#2130));
#419=EDGE_LOOP('',(#2131,#2132,#2133,#2134));
#420=EDGE_LOOP('',(#2135,#2136,#2137,#2138));
#421=EDGE_LOOP('',(#2139,#2140,#2141,#2142));
#422=EDGE_LOOP('',(#2143,#2144,#2145,#2146));
#423=EDGE_LOOP('',(#2147,#2148,#2149,#2150));
#424=EDGE_LOOP('',(#2151,#2152,#2153,#2154));
#425=EDGE_LOOP('',(#2155,#2156,#2157,#2158));
#426=EDGE_LOOP('',(#2159,#2160,#2161,#2162));
#427=EDGE_LOOP('',(#2163,#2164,#2165,#2166));
#428=EDGE_LOOP('',(#2167,#2168,#2169,#2170));
#429=EDGE_LOOP('',(#2171,#2172,#2173,#2174));
#430=EDGE_LOOP('',(#2175,#2176,#2177,#2178));
#431=EDGE_LOOP('',(#2179,#2180,#2181,#2182));
#432=EDGE_LOOP('',(#2183,#2184,#2185,#2186));
#433=EDGE_LOOP('',(#2187));
#434=EDGE_LOOP('',(#2188,#2189,#2190,#2191));
#435=EDGE_LOOP('',(#2192));
#436=EDGE_LOOP('',(#2193,#2194,#2195,#2196));
#437=EDGE_LOOP('',(#2197));
#438=EDGE_LOOP('',(#2198,#2199,#2200,#2201));
#439=EDGE_LOOP('',(#2202));
#440=EDGE_LOOP('',(#2203,#2204,#2205,#2206));
#441=EDGE_LOOP('',(#2207));
#442=EDGE_LOOP('',(#2208));
#443=EDGE_LOOP('',(#2209,#2210,#2211,#2212));
#444=EDGE_LOOP('',(#2213));
#445=EDGE_LOOP('',(#2214));
#446=EDGE_LOOP('',(#2215,#2216,#2217,#2218));
#447=EDGE_LOOP('',(#2219));
#448=EDGE_LOOP('',(#2220));
#449=EDGE_LOOP('',(#2221,#2222,#2223,#2224));
#450=EDGE_LOOP('',(#2225));
#451=EDGE_LOOP('',(#2226));
#452=EDGE_LOOP('',(#2227,#2228,#2229));
#453=EDGE_LOOP('',(#2230,#2231,#2232,#2233));
#454=EDGE_LOOP('',(#2234,#2235,#2236));
#455=EDGE_LOOP('',(#2237,#2238,#2239,#2240));
#456=EDGE_LOOP('',(#2241,#2242,#2243));
#457=EDGE_LOOP('',(#2244,#2245,#2246,#2247));
#458=EDGE_LOOP('',(#2248,#2249,#2250));
#459=EDGE_LOOP('',(#2251,#2252,#2253,#2254));
#460=EDGE_LOOP('',(#2255,#2256,#2257));
#461=EDGE_LOOP('',(#2258,#2259,#2260,#2261));
#462=EDGE_LOOP('',(#2262,#2263,#2264));
#463=EDGE_LOOP('',(#2265,#2266,#2267,#2268));
#464=EDGE_LOOP('',(#2269,#2270,#2271));
#465=EDGE_LOOP('',(#2272,#2273,#2274,#2275));
#466=EDGE_LOOP('',(#2276,#2277,#2278));
#467=EDGE_LOOP('',(#2279,#2280,#2281,#2282));
#468=EDGE_LOOP('',(#2283,#2284,#2285,#2286));
#469=EDGE_LOOP('',(#2287,#2288,#2289,#2290));
#470=EDGE_LOOP('',(#2291,#2292,#2293,#2294));
#471=EDGE_LOOP('',(#2295,#2296,#2297,#2298));
#472=EDGE_LOOP('',(#2299,#2300,#2301,#2302));
#473=EDGE_LOOP('',(#2303,#2304,#2305,#2306));
#474=EDGE_LOOP('',(#2307,#2308,#2309,#2310));
#475=EDGE_LOOP('',(#2311,#2312,#2313,#2314));
#476=EDGE_LOOP('',(#2315,#2316,#2317,#2318));
#477=EDGE_LOOP('',(#2319,#2320,#2321,#2322));
#478=EDGE_LOOP('',(#2323,#2324,#2325,#2326));
#479=EDGE_LOOP('',(#2327,#2328,#2329,#2330,#2331,#2332,#2333,#2334,#2335,
#2336,#2337,#2338));
#480=EDGE_LOOP('',(#2339,#2340,#2341,#2342,#2343,#2344,#2345,#2346,#2347,
#2348,#2349,#2350,#2351,#2352));
#481=EDGE_LOOP('',(#2353,#2354,#2355,#2356));
#482=EDGE_LOOP('',(#2357,#2358,#2359,#2360));
#483=EDGE_LOOP('',(#2361,#2362,#2363,#2364,#2365,#2366,#2367,#2368,#2369,
#2370,#2371,#2372));
#484=EDGE_LOOP('',(#2373));
#485=EDGE_LOOP('',(#2374));
#486=EDGE_LOOP('',(#2375));
#487=EDGE_LOOP('',(#2376));
#488=EDGE_LOOP('',(#2377,#2378,#2379,#2380));
#489=EDGE_LOOP('',(#2381,#2382,#2383,#2384));
#490=EDGE_LOOP('',(#2385,#2386,#2387,#2388));
#491=EDGE_LOOP('',(#2389,#2390,#2391,#2392,#2393,#2394,#2395,#2396,#2397,
#2398,#2399,#2400,#2401,#2402,#2403,#2404,#2405,#2406));
#492=EDGE_LOOP('',(#2407,#2408,#2409,#2410));
#493=EDGE_LOOP('',(#2411,#2412,#2413,#2414));
#494=EDGE_LOOP('',(#2415,#2416,#2417,#2418));
#495=EDGE_LOOP('',(#2419,#2420,#2421,#2422));
#496=EDGE_LOOP('',(#2423,#2424,#2425,#2426));
#497=EDGE_LOOP('',(#2427,#2428,#2429,#2430));
#498=EDGE_LOOP('',(#2431,#2432,#2433,#2434));
#499=EDGE_LOOP('',(#2435,#2436,#2437,#2438));
#500=EDGE_LOOP('',(#2439,#2440,#2441,#2442));
#501=EDGE_LOOP('',(#2443,#2444,#2445,#2446));
#502=EDGE_LOOP('',(#2447,#2448,#2449,#2450));
#503=EDGE_LOOP('',(#2451,#2452,#2453,#2454));
#504=EDGE_LOOP('',(#2455,#2456,#2457,#2458));
#505=EDGE_LOOP('',(#2459,#2460,#2461,#2462));
#506=EDGE_LOOP('',(#2463,#2464,#2465,#2466));
#507=EDGE_LOOP('',(#2467,#2468,#2469,#2470));
#508=EDGE_LOOP('',(#2471,#2472,#2473,#2474,#2475,#2476,#2477,#2478,#2479,
#2480,#2481,#2482,#2483,#2484,#2485,#2486,#2487,#2488));
#509=LINE('',#3696,#791);
#510=LINE('',#3699,#792);
#511=LINE('',#3702,#793);
#512=LINE('',#3704,#794);
#513=LINE('',#3705,#795);
#514=LINE('',#3708,#796);
#515=LINE('',#3712,#797);
#516=LINE('',#3714,#798);
#517=LINE('',#3716,#799);
#518=LINE('',#3720,#800);
#519=LINE('',#3724,#801);
#520=LINE('',#3725,#802);
#521=LINE('',#3728,#803);
#522=LINE('',#3732,#804);
#523=LINE('',#3736,#805);
#524=LINE('',#3740,#806);
#525=LINE('',#3744,#807);
#526=LINE('',#3747,#808);
#527=LINE('',#3750,#809);
#528=LINE('',#3751,#810);
#529=LINE('',#3753,#811);
#530=LINE('',#3756,#812);
#531=LINE('',#3760,#813);
#532=LINE('',#3762,#814);
#533=LINE('',#3764,#815);
#534=LINE('',#3767,#816);
#535=LINE('',#3769,#817);
#536=LINE('',#3773,#818);
#537=LINE('',#3775,#819);
#538=LINE('',#3777,#820);
#539=LINE('',#3778,#821);
#540=LINE('',#3781,#822);
#541=LINE('',#3783,#823);
#542=LINE('',#3784,#824);
#543=LINE('',#3787,#825);
#544=LINE('',#3789,#826);
#545=LINE('',#3790,#827);
#546=LINE('',#3792,#828);
#547=LINE('',#3795,#829);
#548=LINE('',#3799,#830);
#549=LINE('',#3801,#831);
#550=LINE('',#3803,#832);
#551=LINE('',#3806,#833);
#552=LINE('',#3809,#834);
#553=LINE('',#3811,#835);
#554=LINE('',#3813,#836);
#555=LINE('',#3814,#837);
#556=LINE('',#3817,#838);
#557=LINE('',#3818,#839);
#558=LINE('',#3825,#840);
#559=LINE('',#3826,#841);
#560=LINE('',#3833,#842);
#561=LINE('',#3838,#843);
#562=LINE('',#3841,#844);
#563=LINE('',#3843,#845);
#564=LINE('',#3844,#846);
#565=LINE('',#3847,#847);
#566=LINE('',#3849,#848);
#567=LINE('',#3851,#849);
#568=LINE('',#3855,#850);
#569=LINE('',#3859,#851);
#570=LINE('',#3863,#852);
#571=LINE('',#3867,#853);
#572=LINE('',#3869,#854);
#573=LINE('',#3871,#855);
#574=LINE('',#3872,#856);
#575=LINE('',#3877,#857);
#576=LINE('',#3884,#858);
#577=LINE('',#3891,#859);
#578=LINE('',#3898,#860);
#579=LINE('',#3904,#861);
#580=LINE('',#3909,#862);
#581=LINE('',#3914,#863);
#582=LINE('',#3919,#864);
#583=LINE('',#3922,#865);
#584=LINE('',#3923,#866);
#585=LINE('',#3924,#867);
#586=LINE('',#3925,#868);
#587=LINE('',#3928,#869);
#588=LINE('',#3930,#870);
#589=LINE('',#3931,#871);
#590=LINE('',#3934,#872);
#591=LINE('',#3936,#873);
#592=LINE('',#3937,#874);
#593=LINE('',#3941,#875);
#594=LINE('',#3943,#876);
#595=LINE('',#3945,#877);
#596=LINE('',#3946,#878);
#597=LINE('',#3949,#879);
#598=LINE('',#3951,#880);
#599=LINE('',#3952,#881);
#600=LINE('',#3956,#882);
#601=LINE('',#3958,#883);
#602=LINE('',#3960,#884);
#603=LINE('',#3961,#885);
#604=LINE('',#3964,#886);
#605=LINE('',#3966,#887);
#606=LINE('',#3967,#888);
#607=LINE('',#3969,#889);
#608=LINE('',#3971,#890);
#609=LINE('',#3974,#891);
#610=LINE('',#3976,#892);
#611=LINE('',#3979,#893);
#612=LINE('',#3981,#894);
#613=LINE('',#3984,#895);
#614=LINE('',#3986,#896);
#615=LINE('',#3989,#897);
#616=LINE('',#3991,#898);
#617=LINE('',#3994,#899);
#618=LINE('',#3996,#900);
#619=LINE('',#3997,#901);
#620=LINE('',#4000,#902);
#621=LINE('',#4001,#903);
#622=LINE('',#4004,#904);
#623=LINE('',#4005,#905);
#624=LINE('',#4010,#906);
#625=LINE('',#4016,#907);
#626=LINE('',#4025,#908);
#627=LINE('',#4033,#909);
#628=LINE('',#4041,#910);
#629=LINE('',#4045,#911);
#630=LINE('',#4046,#912);
#631=LINE('',#4048,#913);
#632=LINE('',#4050,#914);
#633=LINE('',#4052,#915);
#634=LINE('',#4054,#916);
#635=LINE('',#4056,#917);
#636=LINE('',#4058,#918);
#637=LINE('',#4065,#919);
#638=LINE('',#4071,#920);
#639=LINE('',#4073,#921);
#640=LINE('',#4075,#922);
#641=LINE('',#4077,#923);
#642=LINE('',#4079,#924);
#643=LINE('',#4081,#925);
#644=LINE('',#4083,#926);
#645=LINE('',#4085,#927);
#646=LINE('',#4087,#928);
#647=LINE('',#4089,#929);
#648=LINE('',#4091,#930);
#649=LINE('',#4092,#931);
#650=LINE('',#4095,#932);
#651=LINE('',#4097,#933);
#652=LINE('',#4098,#934);
#653=LINE('',#4109,#935);
#654=LINE('',#4112,#936);
#655=LINE('',#4113,#937);
#656=LINE('',#4116,#938);
#657=LINE('',#4117,#939);
#658=LINE('',#4120,#940);
#659=LINE('',#4121,#941);
#660=LINE('',#4124,#942);
#661=LINE('',#4125,#943);
#662=LINE('',#4128,#944);
#663=LINE('',#4129,#945);
#664=LINE('',#4132,#946);
#665=LINE('',#4133,#947);
#666=LINE('',#4136,#948);
#667=LINE('',#4137,#949);
#668=LINE('',#4140,#950);
#669=LINE('',#4141,#951);
#670=LINE('',#4144,#952);
#671=LINE('',#4145,#953);
#672=LINE('',#4148,#954);
#673=LINE('',#4149,#955);
#674=LINE('',#4152,#956);
#675=LINE('',#4153,#957);
#676=LINE('',#4155,#958);
#677=LINE('',#4160,#959);
#678=LINE('',#4167,#960);
#679=LINE('',#4174,#961);
#680=LINE('',#4181,#962);
#681=LINE('',#4188,#963);
#682=LINE('',#4195,#964);
#683=LINE('',#4202,#965);
#684=LINE('',#4209,#966);
#685=LINE('',#4215,#967);
#686=LINE('',#4217,#968);
#687=LINE('',#4218,#969);
#688=LINE('',#4222,#970);
#689=LINE('',#4223,#971);
#690=LINE('',#4224,#972);
#691=LINE('',#4227,#973);
#692=LINE('',#4228,#974);
#693=LINE('',#4230,#975);
#694=LINE('',#4234,#976);
#695=LINE('',#4236,#977);
#696=LINE('',#4237,#978);
#697=LINE('',#4241,#979);
#698=LINE('',#4242,#980);
#699=LINE('',#4243,#981);
#700=LINE('',#4246,#982);
#701=LINE('',#4247,#983);
#702=LINE('',#4249,#984);
#703=LINE('',#4253,#985);
#704=LINE('',#4255,#986);
#705=LINE('',#4256,#987);
#706=LINE('',#4260,#988);
#707=LINE('',#4261,#989);
#708=LINE('',#4262,#990);
#709=LINE('',#4265,#991);
#710=LINE('',#4266,#992);
#711=LINE('',#4268,#993);
#712=LINE('',#4272,#994);
#713=LINE('',#4274,#995);
#714=LINE('',#4275,#996);
#715=LINE('',#4279,#997);
#716=LINE('',#4280,#998);
#717=LINE('',#4281,#999);
#718=LINE('',#4284,#1000);
#719=LINE('',#4285,#1001);
#720=LINE('',#4287,#1002);
#721=LINE('',#4290,#1003);
#722=LINE('',#4292,#1004);
#723=LINE('',#4293,#1005);
#724=LINE('',#4296,#1006);
#725=LINE('',#4298,#1007);
#726=LINE('',#4299,#1008);
#727=LINE('',#4302,#1009);
#728=LINE('',#4304,#1010);
#729=LINE('',#4305,#1011);
#730=LINE('',#4308,#1012);
#731=LINE('',#4310,#1013);
#732=LINE('',#4311,#1014);
#733=LINE('',#4313,#1015);
#734=LINE('',#4314,#1016);
#735=LINE('',#4316,#1017);
#736=LINE('',#4317,#1018);
#737=LINE('',#4319,#1019);
#738=LINE('',#4320,#1020);
#739=LINE('',#4324,#1021);
#740=LINE('',#4326,#1022);
#741=LINE('',#4328,#1023);
#742=LINE('',#4329,#1024);
#743=LINE('',#4332,#1025);
#744=LINE('',#4334,#1026);
#745=LINE('',#4335,#1027);
#746=LINE('',#4338,#1028);
#747=LINE('',#4340,#1029);
#748=LINE('',#4341,#1030);
#749=LINE('',#4343,#1031);
#750=LINE('',#4344,#1032);
#751=LINE('',#4346,#1033);
#752=LINE('',#4348,#1034);
#753=LINE('',#4355,#1035);
#754=LINE('',#4358,#1036);
#755=LINE('',#4361,#1037);
#756=LINE('',#4363,#1038);
#757=LINE('',#4364,#1039);
#758=LINE('',#4367,#1040);
#759=LINE('',#4371,#1041);
#760=LINE('',#4373,#1042);
#761=LINE('',#4377,#1043);
#762=LINE('',#4381,#1044);
#763=LINE('',#4385,#1045);
#764=LINE('',#4389,#1046);
#765=LINE('',#4393,#1047);
#766=LINE('',#4396,#1048);
#767=LINE('',#4401,#1049);
#768=LINE('',#4402,#1050);
#769=LINE('',#4405,#1051);
#770=LINE('',#4406,#1052);
#771=LINE('',#4410,#1053);
#772=LINE('',#4411,#1054);
#773=LINE('',#4412,#1055);
#774=LINE('',#4416,#1056);
#775=LINE('',#4419,#1057);
#776=LINE('',#4420,#1058);
#777=LINE('',#4424,#1059);
#778=LINE('',#4427,#1060);
#779=LINE('',#4428,#1061);
#780=LINE('',#4432,#1062);
#781=LINE('',#4434,#1063);
#782=LINE('',#4436,#1064);
#783=LINE('',#4439,#1065);
#784=LINE('',#4440,#1066);
#785=LINE('',#4444,#1067);
#786=LINE('',#4447,#1068);
#787=LINE('',#4448,#1069);
#788=LINE('',#4452,#1070);
#789=LINE('',#4455,#1071);
#790=LINE('',#4456,#1072);
#791=VECTOR('',#2934,10.);
#792=VECTOR('',#2937,10.);
#793=VECTOR('',#2940,10.);
#794=VECTOR('',#2941,10.);
#795=VECTOR('',#2942,10.);
#796=VECTOR('',#2945,10.);
#797=VECTOR('',#2948,10.);
#798=VECTOR('',#2949,10.);
#799=VECTOR('',#2950,10.);
#800=VECTOR('',#2953,10.);
#801=VECTOR('',#2956,10.);
#802=VECTOR('',#2957,10.);
#803=VECTOR('',#2958,10.);
#804=VECTOR('',#2961,10.);
#805=VECTOR('',#2964,10.);
#806=VECTOR('',#2967,10.);
#807=VECTOR('',#2972,10.);
#808=VECTOR('',#2975,10.);
#809=VECTOR('',#2978,10.);
#810=VECTOR('',#2979,10.);
#811=VECTOR('',#2982,10.);
#812=VECTOR('',#2985,10.);
#813=VECTOR('',#2988,10.);
#814=VECTOR('',#2989,10.);
#815=VECTOR('',#2990,10.);
#816=VECTOR('',#2993,10.);
#817=VECTOR('',#2996,10.);
#818=VECTOR('',#2999,10.);
#819=VECTOR('',#3000,10.);
#820=VECTOR('',#3001,10.);
#821=VECTOR('',#3002,10.);
#822=VECTOR('',#3005,10.);
#823=VECTOR('',#3006,10.);
#824=VECTOR('',#3007,10.);
#825=VECTOR('',#3010,10.);
#826=VECTOR('',#3011,10.);
#827=VECTOR('',#3012,10.);
#828=VECTOR('',#3015,10.);
#829=VECTOR('',#3018,10.);
#830=VECTOR('',#3021,10.);
#831=VECTOR('',#3022,10.);
#832=VECTOR('',#3023,10.);
#833=VECTOR('',#3026,10.);
#834=VECTOR('',#3027,10.);
#835=VECTOR('',#3028,10.);
#836=VECTOR('',#3029,10.);
#837=VECTOR('',#3030,10.);
#838=VECTOR('',#3033,10.);
#839=VECTOR('',#3034,10.);
#840=VECTOR('',#3041,10.);
#841=VECTOR('',#3042,10.);
#842=VECTOR('',#3049,10.);
#843=VECTOR('',#3056,10.);
#844=VECTOR('',#3059,10.);
#845=VECTOR('',#3060,10.);
#846=VECTOR('',#3061,10.);
#847=VECTOR('',#3062,10.);
#848=VECTOR('',#3063,10.);
#849=VECTOR('',#3064,10.);
#850=VECTOR('',#3067,10.);
#851=VECTOR('',#3070,10.);
#852=VECTOR('',#3073,10.);
#853=VECTOR('',#3076,10.);
#854=VECTOR('',#3077,10.);
#855=VECTOR('',#3078,10.);
#856=VECTOR('',#3079,10.);
#857=VECTOR('',#3084,1.3);
#858=VECTOR('',#3093,1.3);
#859=VECTOR('',#3102,1.3);
#860=VECTOR('',#3111,1.3);
#861=VECTOR('',#3120,2.5);
#862=VECTOR('',#3127,2.5);
#863=VECTOR('',#3134,2.5);
#864=VECTOR('',#3141,2.5);
#865=VECTOR('',#3146,10.);
#866=VECTOR('',#3147,10.);
#867=VECTOR('',#3148,10.);
#868=VECTOR('',#3149,10.);
#869=VECTOR('',#3152,10.);
#870=VECTOR('',#3153,10.);
#871=VECTOR('',#3154,10.);
#872=VECTOR('',#3157,10.);
#873=VECTOR('',#3158,10.);
#874=VECTOR('',#3159,10.);
#875=VECTOR('',#3162,10.);
#876=VECTOR('',#3163,10.);
#877=VECTOR('',#3164,10.);
#878=VECTOR('',#3165,10.);
#879=VECTOR('',#3168,10.);
#880=VECTOR('',#3169,10.);
#881=VECTOR('',#3170,10.);
#882=VECTOR('',#3173,10.);
#883=VECTOR('',#3174,10.);
#884=VECTOR('',#3175,10.);
#885=VECTOR('',#3176,10.);
#886=VECTOR('',#3179,10.);
#887=VECTOR('',#3180,10.);
#888=VECTOR('',#3181,10.);
#889=VECTOR('',#3184,10.);
#890=VECTOR('',#3187,10.);
#891=VECTOR('',#3192,10.);
#892=VECTOR('',#3195,10.);
#893=VECTOR('',#3200,10.);
#894=VECTOR('',#3203,10.);
#895=VECTOR('',#3208,10.);
#896=VECTOR('',#3211,10.);
#897=VECTOR('',#3216,10.);
#898=VECTOR('',#3219,10.);
#899=VECTOR('',#3222,10.);
#900=VECTOR('',#3223,10.);
#901=VECTOR('',#3224,10.);
#902=VECTOR('',#3227,10.);
#903=VECTOR('',#3228,10.);
#904=VECTOR('',#3231,10.);
#905=VECTOR('',#3232,10.);
#906=VECTOR('',#3237,10.);
#907=VECTOR('',#3244,10.);
#908=VECTOR('',#3257,10.);
#909=VECTOR('',#3268,10.);
#910=VECTOR('',#3279,10.);
#911=VECTOR('',#3286,10.);
#912=VECTOR('',#3287,10.);
#913=VECTOR('',#3290,10.);
#914=VECTOR('',#3293,10.);
#915=VECTOR('',#3296,10.);
#916=VECTOR('',#3299,10.);
#917=VECTOR('',#3302,10.);
#918=VECTOR('',#3305,10.);
#919=VECTOR('',#3314,10.);
#920=VECTOR('',#3315,10.);
#921=VECTOR('',#3316,10.);
#922=VECTOR('',#3317,10.);
#923=VECTOR('',#3318,10.);
#924=VECTOR('',#3319,10.);
#925=VECTOR('',#3320,10.);
#926=VECTOR('',#3321,10.);
#927=VECTOR('',#3322,10.);
#928=VECTOR('',#3323,10.);
#929=VECTOR('',#3324,10.);
#930=VECTOR('',#3325,10.);
#931=VECTOR('',#3326,10.);
#932=VECTOR('',#3329,10.);
#933=VECTOR('',#3330,10.);
#934=VECTOR('',#3331,10.);
#935=VECTOR('',#3332,10.);
#936=VECTOR('',#3335,10.);
#937=VECTOR('',#3336,10.);
#938=VECTOR('',#3339,10.);
#939=VECTOR('',#3340,10.);
#940=VECTOR('',#3343,10.);
#941=VECTOR('',#3344,10.);
#942=VECTOR('',#3347,10.);
#943=VECTOR('',#3348,10.);
#944=VECTOR('',#3351,10.);
#945=VECTOR('',#3352,10.);
#946=VECTOR('',#3355,10.);
#947=VECTOR('',#3356,10.);
#948=VECTOR('',#3359,10.);
#949=VECTOR('',#3360,10.);
#950=VECTOR('',#3363,10.);
#951=VECTOR('',#3364,10.);
#952=VECTOR('',#3367,10.);
#953=VECTOR('',#3368,10.);
#954=VECTOR('',#3371,10.);
#955=VECTOR('',#3372,10.);
#956=VECTOR('',#3375,10.);
#957=VECTOR('',#3376,10.);
#958=VECTOR('',#3379,10.);
#959=VECTOR('',#3384,1.5);
#960=VECTOR('',#3393,1.5);
#961=VECTOR('',#3402,1.5);
#962=VECTOR('',#3411,1.5);
#963=VECTOR('',#3420,2.5);
#964=VECTOR('',#3429,2.5);
#965=VECTOR('',#3438,2.5);
#966=VECTOR('',#3447,2.5);
#967=VECTOR('',#3454,10.);
#968=VECTOR('',#3455,10.);
#969=VECTOR('',#3456,10.);
#970=VECTOR('',#3459,10.);
#971=VECTOR('',#3460,10.);
#972=VECTOR('',#3461,10.);
#973=VECTOR('',#3464,10.);
#974=VECTOR('',#3465,10.);
#975=VECTOR('',#3468,10.);
#976=VECTOR('',#3471,10.);
#977=VECTOR('',#3472,10.);
#978=VECTOR('',#3473,10.);
#979=VECTOR('',#3476,10.);
#980=VECTOR('',#3477,10.);
#981=VECTOR('',#3478,10.);
#982=VECTOR('',#3481,10.);
#983=VECTOR('',#3482,10.);
#984=VECTOR('',#3485,10.);
#985=VECTOR('',#3488,10.);
#986=VECTOR('',#3489,10.);
#987=VECTOR('',#3490,10.);
#988=VECTOR('',#3493,10.);
#989=VECTOR('',#3494,10.);
#990=VECTOR('',#3495,10.);
#991=VECTOR('',#3498,10.);
#992=VECTOR('',#3499,10.);
#993=VECTOR('',#3502,10.);
#994=VECTOR('',#3505,10.);
#995=VECTOR('',#3506,10.);
#996=VECTOR('',#3507,10.);
#997=VECTOR('',#3510,10.);
#998=VECTOR('',#3511,10.);
#999=VECTOR('',#3512,10.);
#1000=VECTOR('',#3515,10.);
#1001=VECTOR('',#3516,10.);
#1002=VECTOR('',#3519,10.);
#1003=VECTOR('',#3522,10.);
#1004=VECTOR('',#3523,10.);
#1005=VECTOR('',#3524,10.);
#1006=VECTOR('',#3527,10.);
#1007=VECTOR('',#3528,10.);
#1008=VECTOR('',#3529,10.);
#1009=VECTOR('',#3532,10.);
#1010=VECTOR('',#3533,10.);
#1011=VECTOR('',#3534,10.);
#1012=VECTOR('',#3537,10.);
#1013=VECTOR('',#3538,10.);
#1014=VECTOR('',#3539,10.);
#1015=VECTOR('',#3542,10.);
#1016=VECTOR('',#3543,10.);
#1017=VECTOR('',#3546,10.);
#1018=VECTOR('',#3547,10.);
#1019=VECTOR('',#3550,10.);
#1020=VECTOR('',#3551,10.);
#1021=VECTOR('',#3554,10.);
#1022=VECTOR('',#3555,10.);
#1023=VECTOR('',#3556,10.);
#1024=VECTOR('',#3557,10.);
#1025=VECTOR('',#3560,10.);
#1026=VECTOR('',#3561,10.);
#1027=VECTOR('',#3562,10.);
#1028=VECTOR('',#3565,10.);
#1029=VECTOR('',#3566,10.);
#1030=VECTOR('',#3567,10.);
#1031=VECTOR('',#3570,10.);
#1032=VECTOR('',#3571,10.);
#1033=VECTOR('',#3574,10.);
#1034=VECTOR('',#3577,10.);
#1035=VECTOR('',#3584,10.);
#1036=VECTOR('',#3587,10.);
#1037=VECTOR('',#3590,10.);
#1038=VECTOR('',#3591,10.);
#1039=VECTOR('',#3592,10.);
#1040=VECTOR('',#3595,10.);
#1041=VECTOR('',#3598,10.);
#1042=VECTOR('',#3599,10.);
#1043=VECTOR('',#3602,10.);
#1044=VECTOR('',#3605,10.);
#1045=VECTOR('',#3608,10.);
#1046=VECTOR('',#3611,10.);
#1047=VECTOR('',#3614,10.);
#1048=VECTOR('',#3617,10.);
#1049=VECTOR('',#3622,10.);
#1050=VECTOR('',#3623,10.);
#1051=VECTOR('',#3626,10.);
#1052=VECTOR('',#3627,10.);
#1053=VECTOR('',#3630,10.);
#1054=VECTOR('',#3631,10.);
#1055=VECTOR('',#3632,10.);
#1056=VECTOR('',#3637,10.);
#1057=VECTOR('',#3640,10.);
#1058=VECTOR('',#3641,10.);
#1059=VECTOR('',#3646,10.);
#1060=VECTOR('',#3649,10.);
#1061=VECTOR('',#3650,10.);
#1062=VECTOR('',#3655,10.);
#1063=VECTOR('',#3658,10.);
#1064=VECTOR('',#3661,10.);
#1065=VECTOR('',#3664,10.);
#1066=VECTOR('',#3665,10.);
#1067=VECTOR('',#3670,10.);
#1068=VECTOR('',#3673,10.);
#1069=VECTOR('',#3674,10.);
#1070=VECTOR('',#3679,10.);
#1071=VECTOR('',#3682,10.);
#1072=VECTOR('',#3683,10.);
#1073=CIRCLE('',#2690,0.2);
#1074=CIRCLE('',#2691,0.2);
#1075=CIRCLE('',#2694,5.);
#1076=CIRCLE('',#2695,5.);
#1077=CIRCLE('',#2696,0.2);
#1078=CIRCLE('',#2697,3.25000000000001);
#1079=CIRCLE('',#2698,3.25);
#1080=CIRCLE('',#2699,3.25);
#1081=CIRCLE('',#2700,3.25);
#1082=CIRCLE('',#2702,0.2);
#1083=CIRCLE('',#2706,5.);
#1084=CIRCLE('',#2707,5.);
#1085=CIRCLE('',#2714,2.5);
#1086=CIRCLE('',#2715,2.5);
#1087=CIRCLE('',#2717,2.5);
#1088=CIRCLE('',#2718,2.5);
#1089=CIRCLE('',#2720,2.5);
#1090=CIRCLE('',#2721,2.5);
#1091=CIRCLE('',#2723,2.5);
#1092=CIRCLE('',#2725,2.5);
#1093=CIRCLE('',#2727,2.75);
#1094=CIRCLE('',#2728,2.75000000000001);
#1095=CIRCLE('',#2729,2.75);
#1096=CIRCLE('',#2730,2.75);
#1097=CIRCLE('',#2732,1.3);
#1098=CIRCLE('',#2733,1.3);
#1099=CIRCLE('',#2736,1.3);
#1100=CIRCLE('',#2737,1.3);
#1101=CIRCLE('',#2740,1.3);
#1102=CIRCLE('',#2741,1.3);
#1103=CIRCLE('',#2744,1.3);
#1104=CIRCLE('',#2745,1.3);
#1105=CIRCLE('',#2748,2.5);
#1106=CIRCLE('',#2751,2.5);
#1107=CIRCLE('',#2754,2.5);
#1108=CIRCLE('',#2757,2.5);
#1109=CIRCLE('',#2784,2.75);
#1110=CIRCLE('',#2785,2.75);
#1111=CIRCLE('',#2787,0.499999999999989);
#1112=CIRCLE('',#2788,0.5);
#1113=CIRCLE('',#2790,0.499999999999999);
#1114=CIRCLE('',#2791,2.75000000000001);
#1115=CIRCLE('',#2793,0.5);
#1116=CIRCLE('',#2795,0.5);
#1117=CIRCLE('',#2796,2.75);
#1118=CIRCLE('',#2798,0.5);
#1119=CIRCLE('',#2800,0.5);
#1120=CIRCLE('',#2801,2.75);
#1121=CIRCLE('',#2803,0.500000000000015);
#1122=CIRCLE('',#2805,2.75);
#1123=CIRCLE('',#2831,1.5);
#1124=CIRCLE('',#2832,1.5);
#1125=CIRCLE('',#2835,1.5);
#1126=CIRCLE('',#2836,1.5);
#1127=CIRCLE('',#2839,1.5);
#1128=CIRCLE('',#2840,1.5);
#1129=CIRCLE('',#2843,1.5);
#1130=CIRCLE('',#2844,1.5);
#1131=CIRCLE('',#2847,2.5);
#1132=CIRCLE('',#2848,2.5);
#1133=CIRCLE('',#2851,2.5);
#1134=CIRCLE('',#2852,2.5);
#1135=CIRCLE('',#2855,2.5);
#1136=CIRCLE('',#2856,2.5);
#1137=CIRCLE('',#2859,2.5);
#1138=CIRCLE('',#2860,2.5);
#1139=CIRCLE('',#2893,0.2);
#1140=CIRCLE('',#2894,0.2);
#1141=CIRCLE('',#2897,0.2);
#1142=CIRCLE('',#2898,1.);
#1143=CIRCLE('',#2899,1.00000000000001);
#1144=CIRCLE('',#2900,1.);
#1145=CIRCLE('',#2901,1.);
#1146=CIRCLE('',#2902,1.00000000000001);
#1147=CIRCLE('',#2903,5.);
#1148=CIRCLE('',#2905,0.2);
#1149=CIRCLE('',#2909,1.);
#1150=CIRCLE('',#2912,1.00000000000001);
#1151=CIRCLE('',#2915,5.);
#1152=CIRCLE('',#2920,1.);
#1153=CIRCLE('',#2923,1.00000000000001);
#1154=CIRCLE('',#2926,1.);
#1155=VERTEX_POINT('',#3692);
#1156=VERTEX_POINT('',#3693);
#1157=VERTEX_POINT('',#3695);
#1158=VERTEX_POINT('',#3697);
#1159=VERTEX_POINT('',#3701);
#1160=VERTEX_POINT('',#3703);
#1161=VERTEX_POINT('',#3707);
#1162=VERTEX_POINT('',#3709);
#1163=VERTEX_POINT('',#3711);
#1164=VERTEX_POINT('',#3713);
#1165=VERTEX_POINT('',#3715);
#1166=VERTEX_POINT('',#3717);
#1167=VERTEX_POINT('',#3719);
#1168=VERTEX_POINT('',#3721);
#1169=VERTEX_POINT('',#3723);
#1170=VERTEX_POINT('',#3726);
#1171=VERTEX_POINT('',#3727);
#1172=VERTEX_POINT('',#3729);
#1173=VERTEX_POINT('',#3731);
#1174=VERTEX_POINT('',#3733);
#1175=VERTEX_POINT('',#3735);
#1176=VERTEX_POINT('',#3737);
#1177=VERTEX_POINT('',#3739);
#1178=VERTEX_POINT('',#3743);
#1179=VERTEX_POINT('',#3745);
#1180=VERTEX_POINT('',#3749);
#1181=VERTEX_POINT('',#3755);
#1182=VERTEX_POINT('',#3757);
#1183=VERTEX_POINT('',#3759);
#1184=VERTEX_POINT('',#3761);
#1185=VERTEX_POINT('',#3763);
#1186=VERTEX_POINT('',#3765);
#1187=VERTEX_POINT('',#3771);
#1188=VERTEX_POINT('',#3772);
#1189=VERTEX_POINT('',#3774);
#1190=VERTEX_POINT('',#3776);
#1191=VERTEX_POINT('',#3780);
#1192=VERTEX_POINT('',#3782);
#1193=VERTEX_POINT('',#3786);
#1194=VERTEX_POINT('',#3788);
#1195=VERTEX_POINT('',#3794);
#1196=VERTEX_POINT('',#3796);
#1197=VERTEX_POINT('',#3798);
#1198=VERTEX_POINT('',#3800);
#1199=VERTEX_POINT('',#3802);
#1200=VERTEX_POINT('',#3804);
#1201=VERTEX_POINT('',#3807);
#1202=VERTEX_POINT('',#3808);
#1203=VERTEX_POINT('',#3810);
#1204=VERTEX_POINT('',#3812);
#1205=VERTEX_POINT('',#3816);
#1206=VERTEX_POINT('',#3819);
#1207=VERTEX_POINT('',#3821);
#1208=VERTEX_POINT('',#3824);
#1209=VERTEX_POINT('',#3827);
#1210=VERTEX_POINT('',#3829);
#1211=VERTEX_POINT('',#3832);
#1212=VERTEX_POINT('',#3836);
#1213=VERTEX_POINT('',#3840);
#1214=VERTEX_POINT('',#3842);
#1215=VERTEX_POINT('',#3845);
#1216=VERTEX_POINT('',#3846);
#1217=VERTEX_POINT('',#3848);
#1218=VERTEX_POINT('',#3850);
#1219=VERTEX_POINT('',#3852);
#1220=VERTEX_POINT('',#3854);
#1221=VERTEX_POINT('',#3856);
#1222=VERTEX_POINT('',#3858);
#1223=VERTEX_POINT('',#3860);
#1224=VERTEX_POINT('',#3862);
#1225=VERTEX_POINT('',#3865);
#1226=VERTEX_POINT('',#3866);
#1227=VERTEX_POINT('',#3868);
#1228=VERTEX_POINT('',#3870);
#1229=VERTEX_POINT('',#3874);
#1230=VERTEX_POINT('',#3876);
#1231=VERTEX_POINT('',#3881);
#1232=VERTEX_POINT('',#3883);
#1233=VERTEX_POINT('',#3888);
#1234=VERTEX_POINT('',#3890);
#1235=VERTEX_POINT('',#3895);
#1236=VERTEX_POINT('',#3897);
#1237=VERTEX_POINT('',#3902);
#1238=VERTEX_POINT('',#3907);
#1239=VERTEX_POINT('',#3912);
#1240=VERTEX_POINT('',#3917);
#1241=VERTEX_POINT('',#3927);
#1242=VERTEX_POINT('',#3929);
#1243=VERTEX_POINT('',#3933);
#1244=VERTEX_POINT('',#3935);
#1245=VERTEX_POINT('',#3939);
#1246=VERTEX_POINT('',#3940);
#1247=VERTEX_POINT('',#3942);
#1248=VERTEX_POINT('',#3944);
#1249=VERTEX_POINT('',#3948);
#1250=VERTEX_POINT('',#3950);
#1251=VERTEX_POINT('',#3954);
#1252=VERTEX_POINT('',#3955);
#1253=VERTEX_POINT('',#3957);
#1254=VERTEX_POINT('',#3959);
#1255=VERTEX_POINT('',#3963);
#1256=VERTEX_POINT('',#3965);
#1257=VERTEX_POINT('',#3993);
#1258=VERTEX_POINT('',#3995);
#1259=VERTEX_POINT('',#3999);
#1260=VERTEX_POINT('',#4003);
#1261=VERTEX_POINT('',#4007);
#1262=VERTEX_POINT('',#4009);
#1263=VERTEX_POINT('',#4013);
#1264=VERTEX_POINT('',#4015);
#1265=VERTEX_POINT('',#4019);
#1266=VERTEX_POINT('',#4023);
#1267=VERTEX_POINT('',#4027);
#1268=VERTEX_POINT('',#4031);
#1269=VERTEX_POINT('',#4035);
#1270=VERTEX_POINT('',#4039);
#1271=VERTEX_POINT('',#4063);
#1272=VERTEX_POINT('',#4064);
#1273=VERTEX_POINT('',#4066);
#1274=VERTEX_POINT('',#4070);
#1275=VERTEX_POINT('',#4072);
#1276=VERTEX_POINT('',#4074);
#1277=VERTEX_POINT('',#4076);
#1278=VERTEX_POINT('',#4078);
#1279=VERTEX_POINT('',#4080);
#1280=VERTEX_POINT('',#4082);
#1281=VERTEX_POINT('',#4084);
#1282=VERTEX_POINT('',#4086);
#1283=VERTEX_POINT('',#4088);
#1284=VERTEX_POINT('',#4090);
#1285=VERTEX_POINT('',#4094);
#1286=VERTEX_POINT('',#4096);
#1287=VERTEX_POINT('',#4105);
#1288=VERTEX_POINT('',#4111);
#1289=VERTEX_POINT('',#4115);
#1290=VERTEX_POINT('',#4119);
#1291=VERTEX_POINT('',#4123);
#1292=VERTEX_POINT('',#4127);
#1293=VERTEX_POINT('',#4131);
#1294=VERTEX_POINT('',#4135);
#1295=VERTEX_POINT('',#4139);
#1296=VERTEX_POINT('',#4143);
#1297=VERTEX_POINT('',#4147);
#1298=VERTEX_POINT('',#4151);
#1299=VERTEX_POINT('',#4157);
#1300=VERTEX_POINT('',#4159);
#1301=VERTEX_POINT('',#4164);
#1302=VERTEX_POINT('',#4166);
#1303=VERTEX_POINT('',#4171);
#1304=VERTEX_POINT('',#4173);
#1305=VERTEX_POINT('',#4178);
#1306=VERTEX_POINT('',#4180);
#1307=VERTEX_POINT('',#4185);
#1308=VERTEX_POINT('',#4187);
#1309=VERTEX_POINT('',#4192);
#1310=VERTEX_POINT('',#4194);
#1311=VERTEX_POINT('',#4199);
#1312=VERTEX_POINT('',#4201);
#1313=VERTEX_POINT('',#4206);
#1314=VERTEX_POINT('',#4208);
#1315=VERTEX_POINT('',#4213);
#1316=VERTEX_POINT('',#4214);
#1317=VERTEX_POINT('',#4216);
#1318=VERTEX_POINT('',#4220);
#1319=VERTEX_POINT('',#4221);
#1320=VERTEX_POINT('',#4226);
#1321=VERTEX_POINT('',#4232);
#1322=VERTEX_POINT('',#4233);
#1323=VERTEX_POINT('',#4235);
#1324=VERTEX_POINT('',#4239);
#1325=VERTEX_POINT('',#4240);
#1326=VERTEX_POINT('',#4245);
#1327=VERTEX_POINT('',#4251);
#1328=VERTEX_POINT('',#4252);
#1329=VERTEX_POINT('',#4254);
#1330=VERTEX_POINT('',#4258);
#1331=VERTEX_POINT('',#4259);
#1332=VERTEX_POINT('',#4264);
#1333=VERTEX_POINT('',#4270);
#1334=VERTEX_POINT('',#4271);
#1335=VERTEX_POINT('',#4273);
#1336=VERTEX_POINT('',#4277);
#1337=VERTEX_POINT('',#4278);
#1338=VERTEX_POINT('',#4283);
#1339=VERTEX_POINT('',#4289);
#1340=VERTEX_POINT('',#4291);
#1341=VERTEX_POINT('',#4295);
#1342=VERTEX_POINT('',#4297);
#1343=VERTEX_POINT('',#4301);
#1344=VERTEX_POINT('',#4303);
#1345=VERTEX_POINT('',#4307);
#1346=VERTEX_POINT('',#4309);
#1347=VERTEX_POINT('',#4322);
#1348=VERTEX_POINT('',#4323);
#1349=VERTEX_POINT('',#4325);
#1350=VERTEX_POINT('',#4327);
#1351=VERTEX_POINT('',#4331);
#1352=VERTEX_POINT('',#4333);
#1353=VERTEX_POINT('',#4337);
#1354=VERTEX_POINT('',#4339);
#1355=VERTEX_POINT('',#4351);
#1356=VERTEX_POINT('',#4352);
#1357=VERTEX_POINT('',#4354);
#1358=VERTEX_POINT('',#4356);
#1359=VERTEX_POINT('',#4360);
#1360=VERTEX_POINT('',#4362);
#1361=VERTEX_POINT('',#4366);
#1362=VERTEX_POINT('',#4368);
#1363=VERTEX_POINT('',#4370);
#1364=VERTEX_POINT('',#4372);
#1365=VERTEX_POINT('',#4374);
#1366=VERTEX_POINT('',#4376);
#1367=VERTEX_POINT('',#4378);
#1368=VERTEX_POINT('',#4380);
#1369=VERTEX_POINT('',#4382);
#1370=VERTEX_POINT('',#4384);
#1371=VERTEX_POINT('',#4386);
#1372=VERTEX_POINT('',#4388);
#1373=VERTEX_POINT('',#4390);
#1374=VERTEX_POINT('',#4392);
#1375=VERTEX_POINT('',#4394);
#1376=VERTEX_POINT('',#4398);
#1377=VERTEX_POINT('',#4399);
#1378=VERTEX_POINT('',#4404);
#1379=VERTEX_POINT('',#4408);
#1380=VERTEX_POINT('',#4409);
#1381=VERTEX_POINT('',#4414);
#1382=VERTEX_POINT('',#4418);
#1383=VERTEX_POINT('',#4422);
#1384=VERTEX_POINT('',#4426);
#1385=VERTEX_POINT('',#4430);
#1386=VERTEX_POINT('',#4438);
#1387=VERTEX_POINT('',#4442);
#1388=VERTEX_POINT('',#4446);
#1389=VERTEX_POINT('',#4450);
#1390=VERTEX_POINT('',#4454);
#1391=EDGE_CURVE('',#1155,#1156,#1073,.T.);
#1392=EDGE_CURVE('',#1156,#1157,#509,.T.);
#1393=EDGE_CURVE('',#1157,#1158,#1074,.T.);
#1394=EDGE_CURVE('',#1158,#1155,#510,.T.);
#1395=EDGE_CURVE('',#1159,#1158,#511,.T.);
#1396=EDGE_CURVE('',#1159,#1160,#512,.T.);
#1397=EDGE_CURVE('',#1155,#1160,#513,.T.);
#1398=EDGE_CURVE('',#1161,#1157,#514,.T.);
#1399=EDGE_CURVE('',#1162,#1161,#1075,.T.);
#1400=EDGE_CURVE('',#1162,#1163,#515,.T.);
#1401=EDGE_CURVE('',#1164,#1163,#516,.T.);
#1402=EDGE_CURVE('',#1164,#1165,#517,.T.);
#1403=EDGE_CURVE('',#1166,#1165,#1076,.T.);
#1404=EDGE_CURVE('',#1167,#1166,#518,.T.);
#1405=EDGE_CURVE('',#1168,#1167,#1077,.T.);
#1406=EDGE_CURVE('',#1168,#1169,#519,.T.);
#1407=EDGE_CURVE('',#1169,#1159,#520,.T.);
#1408=EDGE_CURVE('',#1170,#1171,#521,.T.);
#1409=EDGE_CURVE('',#1172,#1170,#1078,.T.);
#1410=EDGE_CURVE('',#1173,#1172,#522,.T.);
#1411=EDGE_CURVE('',#1174,#1173,#1079,.T.);
#1412=EDGE_CURVE('',#1175,#1174,#523,.T.);
#1413=EDGE_CURVE('',#1176,#1175,#1080,.T.);
#1414=EDGE_CURVE('',#1177,#1176,#524,.T.);
#1415=EDGE_CURVE('',#1171,#1177,#1081,.T.);
#1416=EDGE_CURVE('',#1167,#1178,#525,.T.);
#1417=EDGE_CURVE('',#1178,#1179,#1082,.T.);
#1418=EDGE_CURVE('',#1179,#1168,#526,.T.);
#1419=EDGE_CURVE('',#1180,#1179,#527,.T.);
#1420=EDGE_CURVE('',#1169,#1180,#528,.T.);
#1421=EDGE_CURVE('',#1160,#1180,#529,.T.);
#1422=EDGE_CURVE('',#1181,#1178,#530,.T.);
#1423=EDGE_CURVE('',#1182,#1181,#1083,.T.);
#1424=EDGE_CURVE('',#1182,#1183,#531,.T.);
#1425=EDGE_CURVE('',#1184,#1183,#532,.T.);
#1426=EDGE_CURVE('',#1185,#1184,#533,.T.);
#1427=EDGE_CURVE('',#1186,#1185,#1084,.T.);
#1428=EDGE_CURVE('',#1156,#1186,#534,.T.);
#1429=EDGE_CURVE('',#1181,#1166,#535,.T.);
#1430=EDGE_CURVE('',#1187,#1188,#536,.T.);
#1431=EDGE_CURVE('',#1189,#1187,#537,.T.);
#1432=EDGE_CURVE('',#1190,#1189,#538,.T.);
#1433=EDGE_CURVE('',#1188,#1190,#539,.T.);
#1434=EDGE_CURVE('',#1188,#1191,#540,.T.);
#1435=EDGE_CURVE('',#1192,#1190,#541,.T.);
#1436=EDGE_CURVE('',#1191,#1192,#542,.T.);
#1437=EDGE_CURVE('',#1191,#1193,#543,.T.);
#1438=EDGE_CURVE('',#1194,#1192,#544,.T.);
#1439=EDGE_CURVE('',#1193,#1194,#545,.T.);
#1440=EDGE_CURVE('',#1161,#1186,#546,.T.);
#1441=EDGE_CURVE('',#1189,#1195,#547,.T.);
#1442=EDGE_CURVE('',#1195,#1196,#1085,.T.);
#1443=EDGE_CURVE('',#1196,#1197,#548,.T.);
#1444=EDGE_CURVE('',#1198,#1197,#549,.T.);
#1445=EDGE_CURVE('',#1199,#1198,#550,.T.);
#1446=EDGE_CURVE('',#1199,#1200,#1086,.T.);
#1447=EDGE_CURVE('',#1200,#1194,#551,.T.);
#1448=EDGE_CURVE('',#1201,#1202,#552,.T.);
#1449=EDGE_CURVE('',#1201,#1203,#553,.T.);
#1450=EDGE_CURVE('',#1203,#1204,#554,.T.);
#1451=EDGE_CURVE('',#1204,#1202,#555,.T.);
#1452=EDGE_CURVE('',#1205,#1187,#556,.T.);
#1453=EDGE_CURVE('',#1195,#1205,#557,.T.);
#1454=EDGE_CURVE('',#1206,#1206,#1087,.T.);
#1455=EDGE_CURVE('',#1207,#1207,#1088,.T.);
#1456=EDGE_CURVE('',#1208,#1200,#558,.T.);
#1457=EDGE_CURVE('',#1193,#1208,#559,.T.);
#1458=EDGE_CURVE('',#1209,#1209,#1089,.T.);
#1459=EDGE_CURVE('',#1210,#1210,#1090,.T.);
#1460=EDGE_CURVE('',#1199,#1211,#560,.T.);
#1461=EDGE_CURVE('',#1208,#1211,#1091,.T.);
#1462=EDGE_CURVE('',#1212,#1205,#1092,.T.);
#1463=EDGE_CURVE('',#1212,#1196,#561,.T.);
#1464=EDGE_CURVE('',#1213,#1211,#562,.T.);
#1465=EDGE_CURVE('',#1214,#1213,#563,.T.);
#1466=EDGE_CURVE('',#1212,#1214,#564,.T.);
#1467=EDGE_CURVE('',#1215,#1216,#565,.T.);
#1468=EDGE_CURVE('',#1216,#1217,#566,.T.);
#1469=EDGE_CURVE('',#1217,#1218,#567,.T.);
#1470=EDGE_CURVE('',#1218,#1219,#1093,.T.);
#1471=EDGE_CURVE('',#1219,#1220,#568,.T.);
#1472=EDGE_CURVE('',#1220,#1221,#1094,.T.);
#1473=EDGE_CURVE('',#1221,#1222,#569,.T.);
#1474=EDGE_CURVE('',#1222,#1223,#1095,.T.);
#1475=EDGE_CURVE('',#1223,#1224,#570,.T.);
#1476=EDGE_CURVE('',#1224,#1215,#1096,.T.);
#1477=EDGE_CURVE('',#1225,#1226,#571,.T.);
#1478=EDGE_CURVE('',#1225,#1227,#572,.T.);
#1479=EDGE_CURVE('',#1227,#1228,#573,.T.);
#1480=EDGE_CURVE('',#1228,#1226,#574,.T.);
#1481=EDGE_CURVE('',#1229,#1229,#1097,.T.);
#1482=EDGE_CURVE('',#1229,#1230,#575,.T.);
#1483=EDGE_CURVE('',#1230,#1230,#1098,.T.);
#1484=EDGE_CURVE('',#1231,#1231,#1099,.T.);
#1485=EDGE_CURVE('',#1231,#1232,#576,.T.);
#1486=EDGE_CURVE('',#1232,#1232,#1100,.T.);
#1487=EDGE_CURVE('',#1233,#1233,#1101,.T.);
#1488=EDGE_CURVE('',#1233,#1234,#577,.T.);
#1489=EDGE_CURVE('',#1234,#1234,#1102,.T.);
#1490=EDGE_CURVE('',#1235,#1235,#1103,.T.);
#1491=EDGE_CURVE('',#1235,#1236,#578,.T.);
#1492=EDGE_CURVE('',#1236,#1236,#1104,.T.);
#1493=EDGE_CURVE('',#1237,#1237,#1105,.T.);
#1494=EDGE_CURVE('',#1237,#1210,#579,.T.);
#1495=EDGE_CURVE('',#1238,#1238,#1106,.T.);
#1496=EDGE_CURVE('',#1238,#1206,#580,.T.);
#1497=EDGE_CURVE('',#1239,#1239,#1107,.T.);
#1498=EDGE_CURVE('',#1239,#1207,#581,.T.);
#1499=EDGE_CURVE('',#1240,#1240,#1108,.T.);
#1500=EDGE_CURVE('',#1240,#1209,#582,.T.);
#1501=EDGE_CURVE('',#1163,#1184,#583,.T.);
#1502=EDGE_CURVE('',#1183,#1164,#584,.T.);
#1503=EDGE_CURVE('',#1213,#1198,#585,.T.);
#1504=EDGE_CURVE('',#1197,#1214,#586,.T.);
#1505=EDGE_CURVE('',#1226,#1241,#587,.F.);
#1506=EDGE_CURVE('',#1241,#1242,#588,.T.);
#1507=EDGE_CURVE('',#1225,#1242,#589,.F.);
#1508=EDGE_CURVE('',#1202,#1243,#590,.F.);
#1509=EDGE_CURVE('',#1244,#1243,#591,.F.);
#1510=EDGE_CURVE('',#1201,#1244,#592,.F.);
#1511=EDGE_CURVE('',#1245,#1246,#593,.T.);
#1512=EDGE_CURVE('',#1246,#1247,#594,.F.);
#1513=EDGE_CURVE('',#1247,#1248,#595,.T.);
#1514=EDGE_CURVE('',#1245,#1248,#596,.F.);
#1515=EDGE_CURVE('',#1245,#1249,#597,.T.);
#1516=EDGE_CURVE('',#1249,#1250,#598,.T.);
#1517=EDGE_CURVE('',#1250,#1246,#599,.T.);
#1518=EDGE_CURVE('',#1251,#1252,#600,.T.);
#1519=EDGE_CURVE('',#1252,#1253,#601,.F.);
#1520=EDGE_CURVE('',#1254,#1253,#602,.F.);
#1521=EDGE_CURVE('',#1251,#1254,#603,.F.);
#1522=EDGE_CURVE('',#1251,#1255,#604,.T.);
#1523=EDGE_CURVE('',#1255,#1256,#605,.T.);
#1524=EDGE_CURVE('',#1256,#1252,#606,.T.);
#1525=EDGE_CURVE('',#1228,#1241,#607,.T.);
#1526=EDGE_CURVE('',#1227,#1242,#608,.T.);
#1527=EDGE_CURVE('',#1203,#1244,#609,.T.);
#1528=EDGE_CURVE('',#1204,#1243,#610,.T.);
#1529=EDGE_CURVE('',#1250,#1247,#611,.T.);
#1530=EDGE_CURVE('',#1249,#1248,#612,.T.);
#1531=EDGE_CURVE('',#1255,#1254,#613,.T.);
#1532=EDGE_CURVE('',#1256,#1253,#614,.T.);
#1533=EDGE_CURVE('',#1165,#1182,#615,.T.);
#1534=EDGE_CURVE('',#1185,#1162,#616,.T.);
#1535=EDGE_CURVE('',#1257,#1215,#617,.T.);
#1536=EDGE_CURVE('',#1257,#1258,#618,.T.);
#1537=EDGE_CURVE('',#1216,#1258,#619,.T.);
#1538=EDGE_CURVE('',#1258,#1259,#620,.T.);
#1539=EDGE_CURVE('',#1217,#1259,#621,.T.);
#1540=EDGE_CURVE('',#1218,#1260,#622,.T.);
#1541=EDGE_CURVE('',#1259,#1260,#623,.T.);
#1542=EDGE_CURVE('',#1261,#1257,#1109,.T.);
#1543=EDGE_CURVE('',#1262,#1261,#624,.T.);
#1544=EDGE_CURVE('',#1260,#1262,#1110,.T.);
#1545=EDGE_CURVE('',#1171,#1263,#1111,.T.);
#1546=EDGE_CURVE('',#1263,#1264,#625,.T.);
#1547=EDGE_CURVE('',#1264,#1170,#1112,.T.);
#1548=EDGE_CURVE('',#1265,#1172,#1113,.T.);
#1549=EDGE_CURVE('',#1264,#1265,#1114,.T.);
#1550=EDGE_CURVE('',#1266,#1173,#1115,.T.);
#1551=EDGE_CURVE('',#1265,#1266,#626,.T.);
#1552=EDGE_CURVE('',#1267,#1174,#1116,.T.);
#1553=EDGE_CURVE('',#1266,#1267,#1117,.T.);
#1554=EDGE_CURVE('',#1268,#1175,#1118,.T.);
#1555=EDGE_CURVE('',#1267,#1268,#627,.T.);
#1556=EDGE_CURVE('',#1269,#1176,#1119,.T.);
#1557=EDGE_CURVE('',#1268,#1269,#1120,.T.);
#1558=EDGE_CURVE('',#1270,#1177,#1121,.T.);
#1559=EDGE_CURVE('',#1269,#1270,#628,.T.);
#1560=EDGE_CURVE('',#1270,#1263,#1122,.T.);
#1561=EDGE_CURVE('',#1262,#1267,#629,.T.);
#1562=EDGE_CURVE('',#1219,#1266,#630,.T.);
#1563=EDGE_CURVE('',#1220,#1265,#631,.T.);
#1564=EDGE_CURVE('',#1221,#1264,#632,.T.);
#1565=EDGE_CURVE('',#1222,#1263,#633,.T.);
#1566=EDGE_CURVE('',#1261,#1268,#634,.T.);
#1567=EDGE_CURVE('',#1224,#1269,#635,.T.);
#1568=EDGE_CURVE('',#1223,#1270,#636,.T.);
#1569=EDGE_CURVE('',#1271,#1272,#637,.T.);
#1570=EDGE_CURVE('',#1273,#1271,#14,.T.);
#1571=EDGE_CURVE('',#1274,#1273,#638,.T.);
#1572=EDGE_CURVE('',#1275,#1274,#639,.T.);
#1573=EDGE_CURVE('',#1276,#1275,#640,.T.);
#1574=EDGE_CURVE('',#1277,#1276,#641,.T.);
#1575=EDGE_CURVE('',#1278,#1277,#642,.T.);
#1576=EDGE_CURVE('',#1279,#1278,#643,.T.);
#1577=EDGE_CURVE('',#1280,#1279,#644,.T.);
#1578=EDGE_CURVE('',#1281,#1280,#645,.T.);
#1579=EDGE_CURVE('',#1282,#1281,#646,.T.);
#1580=EDGE_CURVE('',#1283,#1282,#647,.T.);
#1581=EDGE_CURVE('',#1284,#1283,#648,.T.);
#1582=EDGE_CURVE('',#1272,#1284,#649,.T.);
#1583=EDGE_CURVE('',#1272,#1285,#650,.T.);
#1584=EDGE_CURVE('',#1286,#1285,#651,.T.);
#1585=EDGE_CURVE('',#1271,#1286,#652,.T.);
#1586=EDGE_CURVE('',#1287,#1286,#15,.T.);
#1587=EDGE_CURVE('',#1273,#1287,#653,.T.);
#1588=EDGE_CURVE('',#1288,#1287,#654,.T.);
#1589=EDGE_CURVE('',#1274,#1288,#655,.T.);
#1590=EDGE_CURVE('',#1289,#1288,#656,.T.);
#1591=EDGE_CURVE('',#1275,#1289,#657,.T.);
#1592=EDGE_CURVE('',#1290,#1289,#658,.T.);
#1593=EDGE_CURVE('',#1276,#1290,#659,.T.);
#1594=EDGE_CURVE('',#1291,#1290,#660,.T.);
#1595=EDGE_CURVE('',#1277,#1291,#661,.T.);
#1596=EDGE_CURVE('',#1292,#1291,#662,.T.);
#1597=EDGE_CURVE('',#1278,#1292,#663,.T.);
#1598=EDGE_CURVE('',#1293,#1292,#664,.T.);
#1599=EDGE_CURVE('',#1279,#1293,#665,.T.);
#1600=EDGE_CURVE('',#1294,#1293,#666,.T.);
#1601=EDGE_CURVE('',#1280,#1294,#667,.T.);
#1602=EDGE_CURVE('',#1295,#1294,#668,.T.);
#1603=EDGE_CURVE('',#1281,#1295,#669,.T.);
#1604=EDGE_CURVE('',#1296,#1295,#670,.T.);
#1605=EDGE_CURVE('',#1282,#1296,#671,.T.);
#1606=EDGE_CURVE('',#1297,#1296,#672,.T.);
#1607=EDGE_CURVE('',#1283,#1297,#673,.T.);
#1608=EDGE_CURVE('',#1298,#1297,#674,.T.);
#1609=EDGE_CURVE('',#1284,#1298,#675,.T.);
#1610=EDGE_CURVE('',#1285,#1298,#676,.T.);
#1611=EDGE_CURVE('',#1299,#1299,#1123,.T.);
#1612=EDGE_CURVE('',#1299,#1300,#677,.T.);
#1613=EDGE_CURVE('',#1300,#1300,#1124,.T.);
#1614=EDGE_CURVE('',#1301,#1301,#1125,.T.);
#1615=EDGE_CURVE('',#1301,#1302,#678,.T.);
#1616=EDGE_CURVE('',#1302,#1302,#1126,.T.);
#1617=EDGE_CURVE('',#1303,#1303,#1127,.T.);
#1618=EDGE_CURVE('',#1303,#1304,#679,.T.);
#1619=EDGE_CURVE('',#1304,#1304,#1128,.T.);
#1620=EDGE_CURVE('',#1305,#1305,#1129,.T.);
#1621=EDGE_CURVE('',#1305,#1306,#680,.T.);
#1622=EDGE_CURVE('',#1306,#1306,#1130,.T.);
#1623=EDGE_CURVE('',#1307,#1307,#1131,.T.);
#1624=EDGE_CURVE('',#1307,#1308,#681,.T.);
#1625=EDGE_CURVE('',#1308,#1308,#1132,.T.);
#1626=EDGE_CURVE('',#1309,#1309,#1133,.T.);
#1627=EDGE_CURVE('',#1309,#1310,#682,.T.);
#1628=EDGE_CURVE('',#1310,#1310,#1134,.T.);
#1629=EDGE_CURVE('',#1311,#1311,#1135,.T.);
#1630=EDGE_CURVE('',#1311,#1312,#683,.T.);
#1631=EDGE_CURVE('',#1312,#1312,#1136,.T.);
#1632=EDGE_CURVE('',#1313,#1313,#1137,.T.);
#1633=EDGE_CURVE('',#1313,#1314,#684,.T.);
#1634=EDGE_CURVE('',#1314,#1314,#1138,.T.);
#1635=EDGE_CURVE('',#1315,#1316,#685,.T.);
#1636=EDGE_CURVE('',#1317,#1316,#686,.T.);
#1637=EDGE_CURVE('',#1315,#1317,#687,.T.);
#1638=EDGE_CURVE('',#1318,#1319,#688,.T.);
#1639=EDGE_CURVE('',#1318,#1317,#689,.T.);
#1640=EDGE_CURVE('',#1316,#1319,#690,.F.);
#1641=EDGE_CURVE('',#1320,#1319,#691,.T.);
#1642=EDGE_CURVE('',#1318,#1320,#692,.T.);
#1643=EDGE_CURVE('',#1320,#1315,#693,.T.);
#1644=EDGE_CURVE('',#1321,#1322,#694,.T.);
#1645=EDGE_CURVE('',#1323,#1321,#695,.T.);
#1646=EDGE_CURVE('',#1323,#1322,#696,.T.);
#1647=EDGE_CURVE('',#1324,#1325,#697,.T.);
#1648=EDGE_CURVE('',#1322,#1325,#698,.F.);
#1649=EDGE_CURVE('',#1323,#1324,#699,.T.);
#1650=EDGE_CURVE('',#1326,#1324,#700,.T.);
#1651=EDGE_CURVE('',#1326,#1325,#701,.T.);
#1652=EDGE_CURVE('',#1321,#1326,#702,.T.);
#1653=EDGE_CURVE('',#1327,#1328,#703,.T.);
#1654=EDGE_CURVE('',#1329,#1328,#704,.T.);
#1655=EDGE_CURVE('',#1327,#1329,#705,.T.);
#1656=EDGE_CURVE('',#1330,#1331,#706,.T.);
#1657=EDGE_CURVE('',#1330,#1329,#707,.T.);
#1658=EDGE_CURVE('',#1328,#1331,#708,.F.);
#1659=EDGE_CURVE('',#1332,#1331,#709,.T.);
#1660=EDGE_CURVE('',#1330,#1332,#710,.T.);
#1661=EDGE_CURVE('',#1332,#1327,#711,.T.);
#1662=EDGE_CURVE('',#1333,#1334,#712,.T.);
#1663=EDGE_CURVE('',#1335,#1333,#713,.T.);
#1664=EDGE_CURVE('',#1335,#1334,#714,.T.);
#1665=EDGE_CURVE('',#1336,#1337,#715,.T.);
#1666=EDGE_CURVE('',#1334,#1337,#716,.F.);
#1667=EDGE_CURVE('',#1335,#1336,#717,.T.);
#1668=EDGE_CURVE('',#1338,#1336,#718,.T.);
#1669=EDGE_CURVE('',#1338,#1337,#719,.T.);
#1670=EDGE_CURVE('',#1333,#1338,#720,.T.);
#1671=EDGE_CURVE('',#1329,#1339,#721,.T.);
#1672=EDGE_CURVE('',#1339,#1340,#722,.T.);
#1673=EDGE_CURVE('',#1327,#1340,#723,.T.);
#1674=EDGE_CURVE('',#1341,#1320,#724,.T.);
#1675=EDGE_CURVE('',#1342,#1341,#725,.T.);
#1676=EDGE_CURVE('',#1342,#1318,#726,.T.);
#1677=EDGE_CURVE('',#1317,#1343,#727,.T.);
#1678=EDGE_CURVE('',#1343,#1344,#728,.T.);
#1679=EDGE_CURVE('',#1315,#1344,#729,.T.);
#1680=EDGE_CURVE('',#1324,#1345,#730,.T.);
#1681=EDGE_CURVE('',#1345,#1346,#731,.T.);
#1682=EDGE_CURVE('',#1326,#1346,#732,.T.);
#1683=EDGE_CURVE('',#1340,#1321,#733,.T.);
#1684=EDGE_CURVE('',#1339,#1323,#734,.T.);
#1685=EDGE_CURVE('',#1346,#1333,#735,.T.);
#1686=EDGE_CURVE('',#1345,#1335,#736,.T.);
#1687=EDGE_CURVE('',#1336,#1342,#737,.T.);
#1688=EDGE_CURVE('',#1338,#1341,#738,.T.);
#1689=EDGE_CURVE('',#1347,#1348,#739,.T.);
#1690=EDGE_CURVE('',#1348,#1349,#740,.T.);
#1691=EDGE_CURVE('',#1349,#1350,#741,.T.);
#1692=EDGE_CURVE('',#1347,#1350,#742,.T.);
#1693=EDGE_CURVE('',#1348,#1351,#743,.T.);
#1694=EDGE_CURVE('',#1351,#1352,#744,.T.);
#1695=EDGE_CURVE('',#1352,#1349,#745,.T.);
#1696=EDGE_CURVE('',#1351,#1353,#746,.T.);
#1697=EDGE_CURVE('',#1353,#1354,#747,.T.);
#1698=EDGE_CURVE('',#1354,#1352,#748,.T.);
#1699=EDGE_CURVE('',#1350,#1354,#749,.T.);
#1700=EDGE_CURVE('',#1353,#1347,#750,.T.);
#1701=EDGE_CURVE('',#1344,#1332,#751,.T.);
#1702=EDGE_CURVE('',#1343,#1330,#752,.T.);
#1703=EDGE_CURVE('',#1355,#1356,#1139,.T.);
#1704=EDGE_CURVE('',#1356,#1357,#753,.T.);
#1705=EDGE_CURVE('',#1357,#1358,#1140,.T.);
#1706=EDGE_CURVE('',#1358,#1355,#754,.T.);
#1707=EDGE_CURVE('',#1359,#1358,#755,.T.);
#1708=EDGE_CURVE('',#1359,#1360,#756,.T.);
#1709=EDGE_CURVE('',#1360,#1355,#757,.T.);
#1710=EDGE_CURVE('',#1361,#1357,#758,.T.);
#1711=EDGE_CURVE('',#1362,#1361,#1141,.T.);
#1712=EDGE_CURVE('',#1363,#1362,#759,.T.);
#1713=EDGE_CURVE('',#1364,#1363,#760,.T.);
#1714=EDGE_CURVE('',#1364,#1365,#1142,.T.);
#1715=EDGE_CURVE('',#1365,#1366,#761,.T.);
#1716=EDGE_CURVE('',#1366,#1367,#1143,.T.);
#1717=EDGE_CURVE('',#1367,#1368,#762,.T.);
#1718=EDGE_CURVE('',#1369,#1368,#1144,.T.);
#1719=EDGE_CURVE('',#1369,#1370,#763,.T.);
#1720=EDGE_CURVE('',#1370,#1371,#1145,.T.);
#1721=EDGE_CURVE('',#1372,#1371,#764,.T.);
#1722=EDGE_CURVE('',#1372,#1373,#1146,.T.);
#1723=EDGE_CURVE('',#1374,#1373,#765,.T.);
#1724=EDGE_CURVE('',#1374,#1375,#1147,.T.);
#1725=EDGE_CURVE('',#1359,#1375,#766,.T.);
#1726=EDGE_CURVE('',#1376,#1377,#1148,.T.);
#1727=EDGE_CURVE('',#1377,#1362,#767,.T.);
#1728=EDGE_CURVE('',#1361,#1376,#768,.T.);
#1729=EDGE_CURVE('',#1377,#1378,#769,.T.);
#1730=EDGE_CURVE('',#1363,#1378,#770,.T.);
#1731=EDGE_CURVE('',#1379,#1380,#771,.T.);
#1732=EDGE_CURVE('',#1370,#1380,#772,.T.);
#1733=EDGE_CURVE('',#1369,#1379,#773,.T.);
#1734=EDGE_CURVE('',#1380,#1381,#1149,.T.);
#1735=EDGE_CURVE('',#1371,#1381,#774,.T.);
#1736=EDGE_CURVE('',#1381,#1382,#775,.T.);
#1737=EDGE_CURVE('',#1372,#1382,#776,.T.);
#1738=EDGE_CURVE('',#1382,#1383,#1150,.T.);
#1739=EDGE_CURVE('',#1373,#1383,#777,.T.);
#1740=EDGE_CURVE('',#1383,#1384,#778,.T.);
#1741=EDGE_CURVE('',#1374,#1384,#779,.T.);
#1742=EDGE_CURVE('',#1384,#1385,#1151,.T.);
#1743=EDGE_CURVE('',#1375,#1385,#780,.T.);
#1744=EDGE_CURVE('',#1385,#1360,#781,.T.);
#1745=EDGE_CURVE('',#1356,#1376,#782,.T.);
#1746=EDGE_CURVE('',#1378,#1386,#783,.T.);
#1747=EDGE_CURVE('',#1364,#1386,#784,.T.);
#1748=EDGE_CURVE('',#1386,#1387,#1152,.T.);
#1749=EDGE_CURVE('',#1365,#1387,#785,.T.);
#1750=EDGE_CURVE('',#1387,#1388,#786,.T.);
#1751=EDGE_CURVE('',#1366,#1388,#787,.T.);
#1752=EDGE_CURVE('',#1388,#1389,#1153,.T.);
#1753=EDGE_CURVE('',#1367,#1389,#788,.T.);
#1754=EDGE_CURVE('',#1389,#1390,#789,.T.);
#1755=EDGE_CURVE('',#1368,#1390,#790,.T.);
#1756=EDGE_CURVE('',#1390,#1379,#1154,.T.);
#1757=ORIENTED_EDGE('',*,*,#1391,.T.);
#1758=ORIENTED_EDGE('',*,*,#1392,.T.);
#1759=ORIENTED_EDGE('',*,*,#1393,.T.);
#1760=ORIENTED_EDGE('',*,*,#1394,.T.);
#1761=ORIENTED_EDGE('',*,*,#1394,.F.);
#1762=ORIENTED_EDGE('',*,*,#1395,.F.);
#1763=ORIENTED_EDGE('',*,*,#1396,.T.);
#1764=ORIENTED_EDGE('',*,*,#1397,.F.);
#1765=ORIENTED_EDGE('',*,*,#1393,.F.);
#1766=ORIENTED_EDGE('',*,*,#1398,.F.);
#1767=ORIENTED_EDGE('',*,*,#1399,.F.);
#1768=ORIENTED_EDGE('',*,*,#1400,.T.);
#1769=ORIENTED_EDGE('',*,*,#1401,.F.);
#1770=ORIENTED_EDGE('',*,*,#1402,.T.);
#1771=ORIENTED_EDGE('',*,*,#1403,.F.);
#1772=ORIENTED_EDGE('',*,*,#1404,.F.);
#1773=ORIENTED_EDGE('',*,*,#1405,.F.);
#1774=ORIENTED_EDGE('',*,*,#1406,.T.);
#1775=ORIENTED_EDGE('',*,*,#1407,.T.);
#1776=ORIENTED_EDGE('',*,*,#1395,.T.);
#1777=ORIENTED_EDGE('',*,*,#1408,.F.);
#1778=ORIENTED_EDGE('',*,*,#1409,.F.);
#1779=ORIENTED_EDGE('',*,*,#1410,.F.);
#1780=ORIENTED_EDGE('',*,*,#1411,.F.);
#1781=ORIENTED_EDGE('',*,*,#1412,.F.);
#1782=ORIENTED_EDGE('',*,*,#1413,.F.);
#1783=ORIENTED_EDGE('',*,*,#1414,.F.);
#1784=ORIENTED_EDGE('',*,*,#1415,.F.);
#1785=ORIENTED_EDGE('',*,*,#1405,.T.);
#1786=ORIENTED_EDGE('',*,*,#1416,.T.);
#1787=ORIENTED_EDGE('',*,*,#1417,.T.);
#1788=ORIENTED_EDGE('',*,*,#1418,.T.);
#1789=ORIENTED_EDGE('',*,*,#1418,.F.);
#1790=ORIENTED_EDGE('',*,*,#1419,.F.);
#1791=ORIENTED_EDGE('',*,*,#1420,.F.);
#1792=ORIENTED_EDGE('',*,*,#1406,.F.);
#1793=ORIENTED_EDGE('',*,*,#1421,.F.);
#1794=ORIENTED_EDGE('',*,*,#1396,.F.);
#1795=ORIENTED_EDGE('',*,*,#1407,.F.);
#1796=ORIENTED_EDGE('',*,*,#1420,.T.);
#1797=ORIENTED_EDGE('',*,*,#1391,.F.);
#1798=ORIENTED_EDGE('',*,*,#1397,.T.);
#1799=ORIENTED_EDGE('',*,*,#1421,.T.);
#1800=ORIENTED_EDGE('',*,*,#1419,.T.);
#1801=ORIENTED_EDGE('',*,*,#1417,.F.);
#1802=ORIENTED_EDGE('',*,*,#1422,.F.);
#1803=ORIENTED_EDGE('',*,*,#1423,.F.);
#1804=ORIENTED_EDGE('',*,*,#1424,.T.);
#1805=ORIENTED_EDGE('',*,*,#1425,.F.);
#1806=ORIENTED_EDGE('',*,*,#1426,.F.);
#1807=ORIENTED_EDGE('',*,*,#1427,.F.);
#1808=ORIENTED_EDGE('',*,*,#1428,.F.);
#1809=ORIENTED_EDGE('',*,*,#1416,.F.);
#1810=ORIENTED_EDGE('',*,*,#1404,.T.);
#1811=ORIENTED_EDGE('',*,*,#1429,.F.);
#1812=ORIENTED_EDGE('',*,*,#1422,.T.);
#1813=ORIENTED_EDGE('',*,*,#1430,.F.);
#1814=ORIENTED_EDGE('',*,*,#1431,.F.);
#1815=ORIENTED_EDGE('',*,*,#1432,.F.);
#1816=ORIENTED_EDGE('',*,*,#1433,.F.);
#1817=ORIENTED_EDGE('',*,*,#1434,.F.);
#1818=ORIENTED_EDGE('',*,*,#1433,.T.);
#1819=ORIENTED_EDGE('',*,*,#1435,.F.);
#1820=ORIENTED_EDGE('',*,*,#1436,.F.);
#1821=ORIENTED_EDGE('',*,*,#1437,.F.);
#1822=ORIENTED_EDGE('',*,*,#1436,.T.);
#1823=ORIENTED_EDGE('',*,*,#1438,.F.);
#1824=ORIENTED_EDGE('',*,*,#1439,.F.);
#1825=ORIENTED_EDGE('',*,*,#1392,.F.);
#1826=ORIENTED_EDGE('',*,*,#1428,.T.);
#1827=ORIENTED_EDGE('',*,*,#1440,.F.);
#1828=ORIENTED_EDGE('',*,*,#1398,.T.);
#1829=ORIENTED_EDGE('',*,*,#1438,.T.);
#1830=ORIENTED_EDGE('',*,*,#1435,.T.);
#1831=ORIENTED_EDGE('',*,*,#1432,.T.);
#1832=ORIENTED_EDGE('',*,*,#1441,.T.);
#1833=ORIENTED_EDGE('',*,*,#1442,.T.);
#1834=ORIENTED_EDGE('',*,*,#1443,.T.);
#1835=ORIENTED_EDGE('',*,*,#1444,.F.);
#1836=ORIENTED_EDGE('',*,*,#1445,.F.);
#1837=ORIENTED_EDGE('',*,*,#1446,.T.);
#1838=ORIENTED_EDGE('',*,*,#1447,.T.);
#1839=ORIENTED_EDGE('',*,*,#1448,.F.);
#1840=ORIENTED_EDGE('',*,*,#1449,.T.);
#1841=ORIENTED_EDGE('',*,*,#1450,.T.);
#1842=ORIENTED_EDGE('',*,*,#1451,.T.);
#1843=ORIENTED_EDGE('',*,*,#1431,.T.);
#1844=ORIENTED_EDGE('',*,*,#1452,.F.);
#1845=ORIENTED_EDGE('',*,*,#1453,.F.);
#1846=ORIENTED_EDGE('',*,*,#1441,.F.);
#1847=ORIENTED_EDGE('',*,*,#1454,.T.);
#1848=ORIENTED_EDGE('',*,*,#1455,.T.);
#1849=ORIENTED_EDGE('',*,*,#1439,.T.);
#1850=ORIENTED_EDGE('',*,*,#1447,.F.);
#1851=ORIENTED_EDGE('',*,*,#1456,.F.);
#1852=ORIENTED_EDGE('',*,*,#1457,.F.);
#1853=ORIENTED_EDGE('',*,*,#1458,.T.);
#1854=ORIENTED_EDGE('',*,*,#1459,.T.);
#1855=ORIENTED_EDGE('',*,*,#1446,.F.);
#1856=ORIENTED_EDGE('',*,*,#1460,.T.);
#1857=ORIENTED_EDGE('',*,*,#1461,.F.);
#1858=ORIENTED_EDGE('',*,*,#1456,.T.);
#1859=ORIENTED_EDGE('',*,*,#1462,.F.);
#1860=ORIENTED_EDGE('',*,*,#1463,.T.);
#1861=ORIENTED_EDGE('',*,*,#1442,.F.);
#1862=ORIENTED_EDGE('',*,*,#1453,.T.);
#1863=ORIENTED_EDGE('',*,*,#1437,.T.);
#1864=ORIENTED_EDGE('',*,*,#1457,.T.);
#1865=ORIENTED_EDGE('',*,*,#1461,.T.);
#1866=ORIENTED_EDGE('',*,*,#1464,.F.);
#1867=ORIENTED_EDGE('',*,*,#1465,.F.);
#1868=ORIENTED_EDGE('',*,*,#1466,.F.);
#1869=ORIENTED_EDGE('',*,*,#1462,.T.);
#1870=ORIENTED_EDGE('',*,*,#1452,.T.);
#1871=ORIENTED_EDGE('',*,*,#1430,.T.);
#1872=ORIENTED_EDGE('',*,*,#1434,.T.);
#1873=ORIENTED_EDGE('',*,*,#1467,.T.);
#1874=ORIENTED_EDGE('',*,*,#1468,.T.);
#1875=ORIENTED_EDGE('',*,*,#1469,.T.);
#1876=ORIENTED_EDGE('',*,*,#1470,.T.);
#1877=ORIENTED_EDGE('',*,*,#1471,.T.);
#1878=ORIENTED_EDGE('',*,*,#1472,.T.);
#1879=ORIENTED_EDGE('',*,*,#1473,.T.);
#1880=ORIENTED_EDGE('',*,*,#1474,.T.);
#1881=ORIENTED_EDGE('',*,*,#1475,.T.);
#1882=ORIENTED_EDGE('',*,*,#1476,.T.);
#1883=ORIENTED_EDGE('',*,*,#1477,.F.);
#1884=ORIENTED_EDGE('',*,*,#1478,.T.);
#1885=ORIENTED_EDGE('',*,*,#1479,.T.);
#1886=ORIENTED_EDGE('',*,*,#1480,.T.);
#1887=ORIENTED_EDGE('',*,*,#1481,.F.);
#1888=ORIENTED_EDGE('',*,*,#1482,.T.);
#1889=ORIENTED_EDGE('',*,*,#1483,.F.);
#1890=ORIENTED_EDGE('',*,*,#1482,.F.);
#1891=ORIENTED_EDGE('',*,*,#1481,.T.);
#1892=ORIENTED_EDGE('',*,*,#1484,.F.);
#1893=ORIENTED_EDGE('',*,*,#1485,.T.);
#1894=ORIENTED_EDGE('',*,*,#1486,.F.);
#1895=ORIENTED_EDGE('',*,*,#1485,.F.);
#1896=ORIENTED_EDGE('',*,*,#1484,.T.);
#1897=ORIENTED_EDGE('',*,*,#1487,.F.);
#1898=ORIENTED_EDGE('',*,*,#1488,.T.);
#1899=ORIENTED_EDGE('',*,*,#1489,.F.);
#1900=ORIENTED_EDGE('',*,*,#1488,.F.);
#1901=ORIENTED_EDGE('',*,*,#1487,.T.);
#1902=ORIENTED_EDGE('',*,*,#1490,.F.);
#1903=ORIENTED_EDGE('',*,*,#1491,.T.);
#1904=ORIENTED_EDGE('',*,*,#1492,.F.);
#1905=ORIENTED_EDGE('',*,*,#1491,.F.);
#1906=ORIENTED_EDGE('',*,*,#1490,.T.);
#1907=ORIENTED_EDGE('',*,*,#1493,.F.);
#1908=ORIENTED_EDGE('',*,*,#1494,.T.);
#1909=ORIENTED_EDGE('',*,*,#1459,.F.);
#1910=ORIENTED_EDGE('',*,*,#1494,.F.);
#1911=ORIENTED_EDGE('',*,*,#1493,.T.);
#1912=ORIENTED_EDGE('',*,*,#1486,.T.);
#1913=ORIENTED_EDGE('',*,*,#1495,.F.);
#1914=ORIENTED_EDGE('',*,*,#1496,.T.);
#1915=ORIENTED_EDGE('',*,*,#1454,.F.);
#1916=ORIENTED_EDGE('',*,*,#1496,.F.);
#1917=ORIENTED_EDGE('',*,*,#1495,.T.);
#1918=ORIENTED_EDGE('',*,*,#1489,.T.);
#1919=ORIENTED_EDGE('',*,*,#1497,.F.);
#1920=ORIENTED_EDGE('',*,*,#1498,.T.);
#1921=ORIENTED_EDGE('',*,*,#1455,.F.);
#1922=ORIENTED_EDGE('',*,*,#1498,.F.);
#1923=ORIENTED_EDGE('',*,*,#1497,.T.);
#1924=ORIENTED_EDGE('',*,*,#1483,.T.);
#1925=ORIENTED_EDGE('',*,*,#1499,.F.);
#1926=ORIENTED_EDGE('',*,*,#1500,.T.);
#1927=ORIENTED_EDGE('',*,*,#1458,.F.);
#1928=ORIENTED_EDGE('',*,*,#1500,.F.);
#1929=ORIENTED_EDGE('',*,*,#1499,.T.);
#1930=ORIENTED_EDGE('',*,*,#1492,.T.);
#1931=ORIENTED_EDGE('',*,*,#1401,.T.);
#1932=ORIENTED_EDGE('',*,*,#1501,.T.);
#1933=ORIENTED_EDGE('',*,*,#1425,.T.);
#1934=ORIENTED_EDGE('',*,*,#1502,.T.);
#1935=ORIENTED_EDGE('',*,*,#1465,.T.);
#1936=ORIENTED_EDGE('',*,*,#1503,.T.);
#1937=ORIENTED_EDGE('',*,*,#1444,.T.);
#1938=ORIENTED_EDGE('',*,*,#1504,.T.);
#1939=ORIENTED_EDGE('',*,*,#1477,.T.);
#1940=ORIENTED_EDGE('',*,*,#1505,.T.);
#1941=ORIENTED_EDGE('',*,*,#1506,.T.);
#1942=ORIENTED_EDGE('',*,*,#1507,.F.);
#1943=ORIENTED_EDGE('',*,*,#1448,.T.);
#1944=ORIENTED_EDGE('',*,*,#1508,.T.);
#1945=ORIENTED_EDGE('',*,*,#1509,.F.);
#1946=ORIENTED_EDGE('',*,*,#1510,.F.);
#1947=ORIENTED_EDGE('',*,*,#1511,.T.);
#1948=ORIENTED_EDGE('',*,*,#1512,.T.);
#1949=ORIENTED_EDGE('',*,*,#1513,.T.);
#1950=ORIENTED_EDGE('',*,*,#1514,.F.);
#1951=ORIENTED_EDGE('',*,*,#1463,.F.);
#1952=ORIENTED_EDGE('',*,*,#1466,.T.);
#1953=ORIENTED_EDGE('',*,*,#1504,.F.);
#1954=ORIENTED_EDGE('',*,*,#1443,.F.);
#1955=ORIENTED_EDGE('',*,*,#1511,.F.);
#1956=ORIENTED_EDGE('',*,*,#1515,.T.);
#1957=ORIENTED_EDGE('',*,*,#1516,.T.);
#1958=ORIENTED_EDGE('',*,*,#1517,.T.);
#1959=ORIENTED_EDGE('',*,*,#1518,.T.);
#1960=ORIENTED_EDGE('',*,*,#1519,.T.);
#1961=ORIENTED_EDGE('',*,*,#1520,.F.);
#1962=ORIENTED_EDGE('',*,*,#1521,.F.);
#1963=ORIENTED_EDGE('',*,*,#1460,.F.);
#1964=ORIENTED_EDGE('',*,*,#1445,.T.);
#1965=ORIENTED_EDGE('',*,*,#1503,.F.);
#1966=ORIENTED_EDGE('',*,*,#1464,.T.);
#1967=ORIENTED_EDGE('',*,*,#1518,.F.);
#1968=ORIENTED_EDGE('',*,*,#1522,.T.);
#1969=ORIENTED_EDGE('',*,*,#1523,.T.);
#1970=ORIENTED_EDGE('',*,*,#1524,.T.);
#1971=ORIENTED_EDGE('',*,*,#1480,.F.);
#1972=ORIENTED_EDGE('',*,*,#1525,.T.);
#1973=ORIENTED_EDGE('',*,*,#1505,.F.);
#1974=ORIENTED_EDGE('',*,*,#1526,.T.);
#1975=ORIENTED_EDGE('',*,*,#1506,.F.);
#1976=ORIENTED_EDGE('',*,*,#1525,.F.);
#1977=ORIENTED_EDGE('',*,*,#1479,.F.);
#1978=ORIENTED_EDGE('',*,*,#1507,.T.);
#1979=ORIENTED_EDGE('',*,*,#1526,.F.);
#1980=ORIENTED_EDGE('',*,*,#1478,.F.);
#1981=ORIENTED_EDGE('',*,*,#1510,.T.);
#1982=ORIENTED_EDGE('',*,*,#1527,.F.);
#1983=ORIENTED_EDGE('',*,*,#1449,.F.);
#1984=ORIENTED_EDGE('',*,*,#1528,.F.);
#1985=ORIENTED_EDGE('',*,*,#1450,.F.);
#1986=ORIENTED_EDGE('',*,*,#1527,.T.);
#1987=ORIENTED_EDGE('',*,*,#1509,.T.);
#1988=ORIENTED_EDGE('',*,*,#1451,.F.);
#1989=ORIENTED_EDGE('',*,*,#1528,.T.);
#1990=ORIENTED_EDGE('',*,*,#1508,.F.);
#1991=ORIENTED_EDGE('',*,*,#1517,.F.);
#1992=ORIENTED_EDGE('',*,*,#1529,.T.);
#1993=ORIENTED_EDGE('',*,*,#1512,.F.);
#1994=ORIENTED_EDGE('',*,*,#1530,.T.);
#1995=ORIENTED_EDGE('',*,*,#1513,.F.);
#1996=ORIENTED_EDGE('',*,*,#1529,.F.);
#1997=ORIENTED_EDGE('',*,*,#1516,.F.);
#1998=ORIENTED_EDGE('',*,*,#1514,.T.);
#1999=ORIENTED_EDGE('',*,*,#1530,.F.);
#2000=ORIENTED_EDGE('',*,*,#1515,.F.);
#2001=ORIENTED_EDGE('',*,*,#1521,.T.);
#2002=ORIENTED_EDGE('',*,*,#1531,.F.);
#2003=ORIENTED_EDGE('',*,*,#1522,.F.);
#2004=ORIENTED_EDGE('',*,*,#1532,.F.);
#2005=ORIENTED_EDGE('',*,*,#1523,.F.);
#2006=ORIENTED_EDGE('',*,*,#1531,.T.);
#2007=ORIENTED_EDGE('',*,*,#1520,.T.);
#2008=ORIENTED_EDGE('',*,*,#1524,.F.);
#2009=ORIENTED_EDGE('',*,*,#1532,.T.);
#2010=ORIENTED_EDGE('',*,*,#1519,.F.);
#2011=ORIENTED_EDGE('',*,*,#1423,.T.);
#2012=ORIENTED_EDGE('',*,*,#1429,.T.);
#2013=ORIENTED_EDGE('',*,*,#1403,.T.);
#2014=ORIENTED_EDGE('',*,*,#1533,.T.);
#2015=ORIENTED_EDGE('',*,*,#1399,.T.);
#2016=ORIENTED_EDGE('',*,*,#1440,.T.);
#2017=ORIENTED_EDGE('',*,*,#1427,.T.);
#2018=ORIENTED_EDGE('',*,*,#1534,.T.);
#2019=ORIENTED_EDGE('',*,*,#1535,.F.);
#2020=ORIENTED_EDGE('',*,*,#1536,.T.);
#2021=ORIENTED_EDGE('',*,*,#1537,.F.);
#2022=ORIENTED_EDGE('',*,*,#1467,.F.);
#2023=ORIENTED_EDGE('',*,*,#1468,.F.);
#2024=ORIENTED_EDGE('',*,*,#1537,.T.);
#2025=ORIENTED_EDGE('',*,*,#1538,.T.);
#2026=ORIENTED_EDGE('',*,*,#1539,.F.);
#2027=ORIENTED_EDGE('',*,*,#1540,.F.);
#2028=ORIENTED_EDGE('',*,*,#1469,.F.);
#2029=ORIENTED_EDGE('',*,*,#1539,.T.);
#2030=ORIENTED_EDGE('',*,*,#1541,.T.);
#2031=ORIENTED_EDGE('',*,*,#1542,.F.);
#2032=ORIENTED_EDGE('',*,*,#1543,.F.);
#2033=ORIENTED_EDGE('',*,*,#1544,.F.);
#2034=ORIENTED_EDGE('',*,*,#1541,.F.);
#2035=ORIENTED_EDGE('',*,*,#1538,.F.);
#2036=ORIENTED_EDGE('',*,*,#1536,.F.);
#2037=ORIENTED_EDGE('',*,*,#1545,.T.);
#2038=ORIENTED_EDGE('',*,*,#1546,.T.);
#2039=ORIENTED_EDGE('',*,*,#1547,.T.);
#2040=ORIENTED_EDGE('',*,*,#1408,.T.);
#2041=ORIENTED_EDGE('',*,*,#1548,.T.);
#2042=ORIENTED_EDGE('',*,*,#1409,.T.);
#2043=ORIENTED_EDGE('',*,*,#1547,.F.);
#2044=ORIENTED_EDGE('',*,*,#1549,.T.);
#2045=ORIENTED_EDGE('',*,*,#1550,.T.);
#2046=ORIENTED_EDGE('',*,*,#1410,.T.);
#2047=ORIENTED_EDGE('',*,*,#1548,.F.);
#2048=ORIENTED_EDGE('',*,*,#1551,.T.);
#2049=ORIENTED_EDGE('',*,*,#1552,.T.);
#2050=ORIENTED_EDGE('',*,*,#1411,.T.);
#2051=ORIENTED_EDGE('',*,*,#1550,.F.);
#2052=ORIENTED_EDGE('',*,*,#1553,.T.);
#2053=ORIENTED_EDGE('',*,*,#1554,.T.);
#2054=ORIENTED_EDGE('',*,*,#1412,.T.);
#2055=ORIENTED_EDGE('',*,*,#1552,.F.);
#2056=ORIENTED_EDGE('',*,*,#1555,.T.);
#2057=ORIENTED_EDGE('',*,*,#1556,.T.);
#2058=ORIENTED_EDGE('',*,*,#1413,.T.);
#2059=ORIENTED_EDGE('',*,*,#1554,.F.);
#2060=ORIENTED_EDGE('',*,*,#1557,.T.);
#2061=ORIENTED_EDGE('',*,*,#1558,.T.);
#2062=ORIENTED_EDGE('',*,*,#1414,.T.);
#2063=ORIENTED_EDGE('',*,*,#1556,.F.);
#2064=ORIENTED_EDGE('',*,*,#1559,.T.);
#2065=ORIENTED_EDGE('',*,*,#1545,.F.);
#2066=ORIENTED_EDGE('',*,*,#1415,.T.);
#2067=ORIENTED_EDGE('',*,*,#1558,.F.);
#2068=ORIENTED_EDGE('',*,*,#1560,.T.);
#2069=ORIENTED_EDGE('',*,*,#1544,.T.);
#2070=ORIENTED_EDGE('',*,*,#1561,.T.);
#2071=ORIENTED_EDGE('',*,*,#1553,.F.);
#2072=ORIENTED_EDGE('',*,*,#1562,.F.);
#2073=ORIENTED_EDGE('',*,*,#1470,.F.);
#2074=ORIENTED_EDGE('',*,*,#1540,.T.);
#2075=ORIENTED_EDGE('',*,*,#1551,.F.);
#2076=ORIENTED_EDGE('',*,*,#1563,.F.);
#2077=ORIENTED_EDGE('',*,*,#1471,.F.);
#2078=ORIENTED_EDGE('',*,*,#1562,.T.);
#2079=ORIENTED_EDGE('',*,*,#1549,.F.);
#2080=ORIENTED_EDGE('',*,*,#1564,.F.);
#2081=ORIENTED_EDGE('',*,*,#1472,.F.);
#2082=ORIENTED_EDGE('',*,*,#1563,.T.);
#2083=ORIENTED_EDGE('',*,*,#1546,.F.);
#2084=ORIENTED_EDGE('',*,*,#1565,.F.);
#2085=ORIENTED_EDGE('',*,*,#1473,.F.);
#2086=ORIENTED_EDGE('',*,*,#1564,.T.);
#2087=ORIENTED_EDGE('',*,*,#1543,.T.);
#2088=ORIENTED_EDGE('',*,*,#1566,.T.);
#2089=ORIENTED_EDGE('',*,*,#1555,.F.);
#2090=ORIENTED_EDGE('',*,*,#1561,.F.);
#2091=ORIENTED_EDGE('',*,*,#1535,.T.);
#2092=ORIENTED_EDGE('',*,*,#1476,.F.);
#2093=ORIENTED_EDGE('',*,*,#1567,.T.);
#2094=ORIENTED_EDGE('',*,*,#1557,.F.);
#2095=ORIENTED_EDGE('',*,*,#1566,.F.);
#2096=ORIENTED_EDGE('',*,*,#1542,.T.);
#2097=ORIENTED_EDGE('',*,*,#1559,.F.);
#2098=ORIENTED_EDGE('',*,*,#1567,.F.);
#2099=ORIENTED_EDGE('',*,*,#1475,.F.);
#2100=ORIENTED_EDGE('',*,*,#1568,.T.);
#2101=ORIENTED_EDGE('',*,*,#1560,.F.);
#2102=ORIENTED_EDGE('',*,*,#1568,.F.);
#2103=ORIENTED_EDGE('',*,*,#1474,.F.);
#2104=ORIENTED_EDGE('',*,*,#1565,.T.);
#2105=ORIENTED_EDGE('',*,*,#1533,.F.);
#2106=ORIENTED_EDGE('',*,*,#1402,.F.);
#2107=ORIENTED_EDGE('',*,*,#1502,.F.);
#2108=ORIENTED_EDGE('',*,*,#1424,.F.);
#2109=ORIENTED_EDGE('',*,*,#1534,.F.);
#2110=ORIENTED_EDGE('',*,*,#1426,.T.);
#2111=ORIENTED_EDGE('',*,*,#1501,.F.);
#2112=ORIENTED_EDGE('',*,*,#1400,.F.);
#2113=ORIENTED_EDGE('',*,*,#1569,.F.);
#2114=ORIENTED_EDGE('',*,*,#1570,.F.);
#2115=ORIENTED_EDGE('',*,*,#1571,.F.);
#2116=ORIENTED_EDGE('',*,*,#1572,.F.);
#2117=ORIENTED_EDGE('',*,*,#1573,.F.);
#2118=ORIENTED_EDGE('',*,*,#1574,.F.);
#2119=ORIENTED_EDGE('',*,*,#1575,.F.);
#2120=ORIENTED_EDGE('',*,*,#1576,.F.);
#2121=ORIENTED_EDGE('',*,*,#1577,.F.);
#2122=ORIENTED_EDGE('',*,*,#1578,.F.);
#2123=ORIENTED_EDGE('',*,*,#1579,.F.);
#2124=ORIENTED_EDGE('',*,*,#1580,.F.);
#2125=ORIENTED_EDGE('',*,*,#1581,.F.);
#2126=ORIENTED_EDGE('',*,*,#1582,.F.);
#2127=ORIENTED_EDGE('',*,*,#1569,.T.);
#2128=ORIENTED_EDGE('',*,*,#1583,.T.);
#2129=ORIENTED_EDGE('',*,*,#1584,.F.);
#2130=ORIENTED_EDGE('',*,*,#1585,.F.);
#2131=ORIENTED_EDGE('',*,*,#1570,.T.);
#2132=ORIENTED_EDGE('',*,*,#1585,.T.);
#2133=ORIENTED_EDGE('',*,*,#1586,.F.);
#2134=ORIENTED_EDGE('',*,*,#1587,.F.);
#2135=ORIENTED_EDGE('',*,*,#1571,.T.);
#2136=ORIENTED_EDGE('',*,*,#1587,.T.);
#2137=ORIENTED_EDGE('',*,*,#1588,.F.);
#2138=ORIENTED_EDGE('',*,*,#1589,.F.);
#2139=ORIENTED_EDGE('',*,*,#1572,.T.);
#2140=ORIENTED_EDGE('',*,*,#1589,.T.);
#2141=ORIENTED_EDGE('',*,*,#1590,.F.);
#2142=ORIENTED_EDGE('',*,*,#1591,.F.);
#2143=ORIENTED_EDGE('',*,*,#1573,.T.);
#2144=ORIENTED_EDGE('',*,*,#1591,.T.);
#2145=ORIENTED_EDGE('',*,*,#1592,.F.);
#2146=ORIENTED_EDGE('',*,*,#1593,.F.);
#2147=ORIENTED_EDGE('',*,*,#1574,.T.);
#2148=ORIENTED_EDGE('',*,*,#1593,.T.);
#2149=ORIENTED_EDGE('',*,*,#1594,.F.);
#2150=ORIENTED_EDGE('',*,*,#1595,.F.);
#2151=ORIENTED_EDGE('',*,*,#1575,.T.);
#2152=ORIENTED_EDGE('',*,*,#1595,.T.);
#2153=ORIENTED_EDGE('',*,*,#1596,.F.);
#2154=ORIENTED_EDGE('',*,*,#1597,.F.);
#2155=ORIENTED_EDGE('',*,*,#1576,.T.);
#2156=ORIENTED_EDGE('',*,*,#1597,.T.);
#2157=ORIENTED_EDGE('',*,*,#1598,.F.);
#2158=ORIENTED_EDGE('',*,*,#1599,.F.);
#2159=ORIENTED_EDGE('',*,*,#1577,.T.);
#2160=ORIENTED_EDGE('',*,*,#1599,.T.);
#2161=ORIENTED_EDGE('',*,*,#1600,.F.);
#2162=ORIENTED_EDGE('',*,*,#1601,.F.);
#2163=ORIENTED_EDGE('',*,*,#1578,.T.);
#2164=ORIENTED_EDGE('',*,*,#1601,.T.);
#2165=ORIENTED_EDGE('',*,*,#1602,.F.);
#2166=ORIENTED_EDGE('',*,*,#1603,.F.);
#2167=ORIENTED_EDGE('',*,*,#1579,.T.);
#2168=ORIENTED_EDGE('',*,*,#1603,.T.);
#2169=ORIENTED_EDGE('',*,*,#1604,.F.);
#2170=ORIENTED_EDGE('',*,*,#1605,.F.);
#2171=ORIENTED_EDGE('',*,*,#1580,.T.);
#2172=ORIENTED_EDGE('',*,*,#1605,.T.);
#2173=ORIENTED_EDGE('',*,*,#1606,.F.);
#2174=ORIENTED_EDGE('',*,*,#1607,.F.);
#2175=ORIENTED_EDGE('',*,*,#1581,.T.);
#2176=ORIENTED_EDGE('',*,*,#1607,.T.);
#2177=ORIENTED_EDGE('',*,*,#1608,.F.);
#2178=ORIENTED_EDGE('',*,*,#1609,.F.);
#2179=ORIENTED_EDGE('',*,*,#1582,.T.);
#2180=ORIENTED_EDGE('',*,*,#1609,.T.);
#2181=ORIENTED_EDGE('',*,*,#1610,.F.);
#2182=ORIENTED_EDGE('',*,*,#1583,.F.);
#2183=ORIENTED_EDGE('',*,*,#1611,.F.);
#2184=ORIENTED_EDGE('',*,*,#1612,.T.);
#2185=ORIENTED_EDGE('',*,*,#1613,.T.);
#2186=ORIENTED_EDGE('',*,*,#1612,.F.);
#2187=ORIENTED_EDGE('',*,*,#1613,.F.);
#2188=ORIENTED_EDGE('',*,*,#1614,.F.);
#2189=ORIENTED_EDGE('',*,*,#1615,.T.);
#2190=ORIENTED_EDGE('',*,*,#1616,.T.);
#2191=ORIENTED_EDGE('',*,*,#1615,.F.);
#2192=ORIENTED_EDGE('',*,*,#1616,.F.);
#2193=ORIENTED_EDGE('',*,*,#1617,.F.);
#2194=ORIENTED_EDGE('',*,*,#1618,.T.);
#2195=ORIENTED_EDGE('',*,*,#1619,.T.);
#2196=ORIENTED_EDGE('',*,*,#1618,.F.);
#2197=ORIENTED_EDGE('',*,*,#1619,.F.);
#2198=ORIENTED_EDGE('',*,*,#1620,.F.);
#2199=ORIENTED_EDGE('',*,*,#1621,.T.);
#2200=ORIENTED_EDGE('',*,*,#1622,.T.);
#2201=ORIENTED_EDGE('',*,*,#1621,.F.);
#2202=ORIENTED_EDGE('',*,*,#1622,.F.);
#2203=ORIENTED_EDGE('',*,*,#1623,.F.);
#2204=ORIENTED_EDGE('',*,*,#1624,.T.);
#2205=ORIENTED_EDGE('',*,*,#1625,.F.);
#2206=ORIENTED_EDGE('',*,*,#1624,.F.);
#2207=ORIENTED_EDGE('',*,*,#1623,.T.);
#2208=ORIENTED_EDGE('',*,*,#1614,.T.);
#2209=ORIENTED_EDGE('',*,*,#1626,.F.);
#2210=ORIENTED_EDGE('',*,*,#1627,.T.);
#2211=ORIENTED_EDGE('',*,*,#1628,.F.);
#2212=ORIENTED_EDGE('',*,*,#1627,.F.);
#2213=ORIENTED_EDGE('',*,*,#1626,.T.);
#2214=ORIENTED_EDGE('',*,*,#1617,.T.);
#2215=ORIENTED_EDGE('',*,*,#1629,.F.);
#2216=ORIENTED_EDGE('',*,*,#1630,.T.);
#2217=ORIENTED_EDGE('',*,*,#1631,.F.);
#2218=ORIENTED_EDGE('',*,*,#1630,.F.);
#2219=ORIENTED_EDGE('',*,*,#1629,.T.);
#2220=ORIENTED_EDGE('',*,*,#1611,.T.);
#2221=ORIENTED_EDGE('',*,*,#1632,.F.);
#2222=ORIENTED_EDGE('',*,*,#1633,.T.);
#2223=ORIENTED_EDGE('',*,*,#1634,.F.);
#2224=ORIENTED_EDGE('',*,*,#1633,.F.);
#2225=ORIENTED_EDGE('',*,*,#1632,.T.);
#2226=ORIENTED_EDGE('',*,*,#1620,.T.);
#2227=ORIENTED_EDGE('',*,*,#1635,.T.);
#2228=ORIENTED_EDGE('',*,*,#1636,.F.);
#2229=ORIENTED_EDGE('',*,*,#1637,.F.);
#2230=ORIENTED_EDGE('',*,*,#1638,.F.);
#2231=ORIENTED_EDGE('',*,*,#1639,.T.);
#2232=ORIENTED_EDGE('',*,*,#1636,.T.);
#2233=ORIENTED_EDGE('',*,*,#1640,.T.);
#2234=ORIENTED_EDGE('',*,*,#1638,.T.);
#2235=ORIENTED_EDGE('',*,*,#1641,.F.);
#2236=ORIENTED_EDGE('',*,*,#1642,.F.);
#2237=ORIENTED_EDGE('',*,*,#1635,.F.);
#2238=ORIENTED_EDGE('',*,*,#1643,.F.);
#2239=ORIENTED_EDGE('',*,*,#1641,.T.);
#2240=ORIENTED_EDGE('',*,*,#1640,.F.);
#2241=ORIENTED_EDGE('',*,*,#1644,.F.);
#2242=ORIENTED_EDGE('',*,*,#1645,.F.);
#2243=ORIENTED_EDGE('',*,*,#1646,.T.);
#2244=ORIENTED_EDGE('',*,*,#1647,.T.);
#2245=ORIENTED_EDGE('',*,*,#1648,.F.);
#2246=ORIENTED_EDGE('',*,*,#1646,.F.);
#2247=ORIENTED_EDGE('',*,*,#1649,.T.);
#2248=ORIENTED_EDGE('',*,*,#1647,.F.);
#2249=ORIENTED_EDGE('',*,*,#1650,.F.);
#2250=ORIENTED_EDGE('',*,*,#1651,.T.);
#2251=ORIENTED_EDGE('',*,*,#1644,.T.);
#2252=ORIENTED_EDGE('',*,*,#1648,.T.);
#2253=ORIENTED_EDGE('',*,*,#1651,.F.);
#2254=ORIENTED_EDGE('',*,*,#1652,.F.);
#2255=ORIENTED_EDGE('',*,*,#1653,.T.);
#2256=ORIENTED_EDGE('',*,*,#1654,.F.);
#2257=ORIENTED_EDGE('',*,*,#1655,.F.);
#2258=ORIENTED_EDGE('',*,*,#1656,.F.);
#2259=ORIENTED_EDGE('',*,*,#1657,.T.);
#2260=ORIENTED_EDGE('',*,*,#1654,.T.);
#2261=ORIENTED_EDGE('',*,*,#1658,.T.);
#2262=ORIENTED_EDGE('',*,*,#1656,.T.);
#2263=ORIENTED_EDGE('',*,*,#1659,.F.);
#2264=ORIENTED_EDGE('',*,*,#1660,.F.);
#2265=ORIENTED_EDGE('',*,*,#1653,.F.);
#2266=ORIENTED_EDGE('',*,*,#1661,.F.);
#2267=ORIENTED_EDGE('',*,*,#1659,.T.);
#2268=ORIENTED_EDGE('',*,*,#1658,.F.);
#2269=ORIENTED_EDGE('',*,*,#1662,.F.);
#2270=ORIENTED_EDGE('',*,*,#1663,.F.);
#2271=ORIENTED_EDGE('',*,*,#1664,.T.);
#2272=ORIENTED_EDGE('',*,*,#1665,.T.);
#2273=ORIENTED_EDGE('',*,*,#1666,.F.);
#2274=ORIENTED_EDGE('',*,*,#1664,.F.);
#2275=ORIENTED_EDGE('',*,*,#1667,.T.);
#2276=ORIENTED_EDGE('',*,*,#1665,.F.);
#2277=ORIENTED_EDGE('',*,*,#1668,.F.);
#2278=ORIENTED_EDGE('',*,*,#1669,.T.);
#2279=ORIENTED_EDGE('',*,*,#1662,.T.);
#2280=ORIENTED_EDGE('',*,*,#1666,.T.);
#2281=ORIENTED_EDGE('',*,*,#1669,.F.);
#2282=ORIENTED_EDGE('',*,*,#1670,.F.);
#2283=ORIENTED_EDGE('',*,*,#1655,.T.);
#2284=ORIENTED_EDGE('',*,*,#1671,.T.);
#2285=ORIENTED_EDGE('',*,*,#1672,.T.);
#2286=ORIENTED_EDGE('',*,*,#1673,.F.);
#2287=ORIENTED_EDGE('',*,*,#1642,.T.);
#2288=ORIENTED_EDGE('',*,*,#1674,.F.);
#2289=ORIENTED_EDGE('',*,*,#1675,.F.);
#2290=ORIENTED_EDGE('',*,*,#1676,.T.);
#2291=ORIENTED_EDGE('',*,*,#1637,.T.);
#2292=ORIENTED_EDGE('',*,*,#1677,.T.);
#2293=ORIENTED_EDGE('',*,*,#1678,.T.);
#2294=ORIENTED_EDGE('',*,*,#1679,.F.);
#2295=ORIENTED_EDGE('',*,*,#1650,.T.);
#2296=ORIENTED_EDGE('',*,*,#1680,.T.);
#2297=ORIENTED_EDGE('',*,*,#1681,.T.);
#2298=ORIENTED_EDGE('',*,*,#1682,.F.);
#2299=ORIENTED_EDGE('',*,*,#1645,.T.);
#2300=ORIENTED_EDGE('',*,*,#1683,.F.);
#2301=ORIENTED_EDGE('',*,*,#1672,.F.);
#2302=ORIENTED_EDGE('',*,*,#1684,.T.);
#2303=ORIENTED_EDGE('',*,*,#1663,.T.);
#2304=ORIENTED_EDGE('',*,*,#1685,.F.);
#2305=ORIENTED_EDGE('',*,*,#1681,.F.);
#2306=ORIENTED_EDGE('',*,*,#1686,.T.);
#2307=ORIENTED_EDGE('',*,*,#1668,.T.);
#2308=ORIENTED_EDGE('',*,*,#1687,.T.);
#2309=ORIENTED_EDGE('',*,*,#1675,.T.);
#2310=ORIENTED_EDGE('',*,*,#1688,.F.);
#2311=ORIENTED_EDGE('',*,*,#1689,.T.);
#2312=ORIENTED_EDGE('',*,*,#1690,.T.);
#2313=ORIENTED_EDGE('',*,*,#1691,.T.);
#2314=ORIENTED_EDGE('',*,*,#1692,.F.);
#2315=ORIENTED_EDGE('',*,*,#1693,.T.);
#2316=ORIENTED_EDGE('',*,*,#1694,.T.);
#2317=ORIENTED_EDGE('',*,*,#1695,.T.);
#2318=ORIENTED_EDGE('',*,*,#1690,.F.);
#2319=ORIENTED_EDGE('',*,*,#1696,.T.);
#2320=ORIENTED_EDGE('',*,*,#1697,.T.);
#2321=ORIENTED_EDGE('',*,*,#1698,.T.);
#2322=ORIENTED_EDGE('',*,*,#1694,.F.);
#2323=ORIENTED_EDGE('',*,*,#1699,.T.);
#2324=ORIENTED_EDGE('',*,*,#1697,.F.);
#2325=ORIENTED_EDGE('',*,*,#1700,.T.);
#2326=ORIENTED_EDGE('',*,*,#1692,.T.);
#2327=ORIENTED_EDGE('',*,*,#1685,.T.);
#2328=ORIENTED_EDGE('',*,*,#1670,.T.);
#2329=ORIENTED_EDGE('',*,*,#1688,.T.);
#2330=ORIENTED_EDGE('',*,*,#1674,.T.);
#2331=ORIENTED_EDGE('',*,*,#1643,.T.);
#2332=ORIENTED_EDGE('',*,*,#1679,.T.);
#2333=ORIENTED_EDGE('',*,*,#1701,.T.);
#2334=ORIENTED_EDGE('',*,*,#1661,.T.);
#2335=ORIENTED_EDGE('',*,*,#1673,.T.);
#2336=ORIENTED_EDGE('',*,*,#1683,.T.);
#2337=ORIENTED_EDGE('',*,*,#1652,.T.);
#2338=ORIENTED_EDGE('',*,*,#1682,.T.);
#2339=ORIENTED_EDGE('',*,*,#1584,.T.);
#2340=ORIENTED_EDGE('',*,*,#1610,.T.);
#2341=ORIENTED_EDGE('',*,*,#1608,.T.);
#2342=ORIENTED_EDGE('',*,*,#1606,.T.);
#2343=ORIENTED_EDGE('',*,*,#1604,.T.);
#2344=ORIENTED_EDGE('',*,*,#1602,.T.);
#2345=ORIENTED_EDGE('',*,*,#1600,.T.);
#2346=ORIENTED_EDGE('',*,*,#1598,.T.);
#2347=ORIENTED_EDGE('',*,*,#1596,.T.);
#2348=ORIENTED_EDGE('',*,*,#1594,.T.);
#2349=ORIENTED_EDGE('',*,*,#1592,.T.);
#2350=ORIENTED_EDGE('',*,*,#1590,.T.);
#2351=ORIENTED_EDGE('',*,*,#1588,.T.);
#2352=ORIENTED_EDGE('',*,*,#1586,.T.);
#2353=ORIENTED_EDGE('',*,*,#1689,.F.);
#2354=ORIENTED_EDGE('',*,*,#1700,.F.);
#2355=ORIENTED_EDGE('',*,*,#1696,.F.);
#2356=ORIENTED_EDGE('',*,*,#1693,.F.);
#2357=ORIENTED_EDGE('',*,*,#1660,.T.);
#2358=ORIENTED_EDGE('',*,*,#1701,.F.);
#2359=ORIENTED_EDGE('',*,*,#1678,.F.);
#2360=ORIENTED_EDGE('',*,*,#1702,.T.);
#2361=ORIENTED_EDGE('',*,*,#1686,.F.);
#2362=ORIENTED_EDGE('',*,*,#1680,.F.);
#2363=ORIENTED_EDGE('',*,*,#1649,.F.);
#2364=ORIENTED_EDGE('',*,*,#1684,.F.);
#2365=ORIENTED_EDGE('',*,*,#1671,.F.);
#2366=ORIENTED_EDGE('',*,*,#1657,.F.);
#2367=ORIENTED_EDGE('',*,*,#1702,.F.);
#2368=ORIENTED_EDGE('',*,*,#1677,.F.);
#2369=ORIENTED_EDGE('',*,*,#1639,.F.);
#2370=ORIENTED_EDGE('',*,*,#1676,.F.);
#2371=ORIENTED_EDGE('',*,*,#1687,.F.);
#2372=ORIENTED_EDGE('',*,*,#1667,.F.);
#2373=ORIENTED_EDGE('',*,*,#1625,.T.);
#2374=ORIENTED_EDGE('',*,*,#1628,.T.);
#2375=ORIENTED_EDGE('',*,*,#1631,.T.);
#2376=ORIENTED_EDGE('',*,*,#1634,.T.);
#2377=ORIENTED_EDGE('',*,*,#1695,.F.);
#2378=ORIENTED_EDGE('',*,*,#1698,.F.);
#2379=ORIENTED_EDGE('',*,*,#1699,.F.);
#2380=ORIENTED_EDGE('',*,*,#1691,.F.);
#2381=ORIENTED_EDGE('',*,*,#1703,.T.);
#2382=ORIENTED_EDGE('',*,*,#1704,.T.);
#2383=ORIENTED_EDGE('',*,*,#1705,.T.);
#2384=ORIENTED_EDGE('',*,*,#1706,.T.);
#2385=ORIENTED_EDGE('',*,*,#1706,.F.);
#2386=ORIENTED_EDGE('',*,*,#1707,.F.);
#2387=ORIENTED_EDGE('',*,*,#1708,.T.);
#2388=ORIENTED_EDGE('',*,*,#1709,.T.);
#2389=ORIENTED_EDGE('',*,*,#1705,.F.);
#2390=ORIENTED_EDGE('',*,*,#1710,.F.);
#2391=ORIENTED_EDGE('',*,*,#1711,.F.);
#2392=ORIENTED_EDGE('',*,*,#1712,.F.);
#2393=ORIENTED_EDGE('',*,*,#1713,.F.);
#2394=ORIENTED_EDGE('',*,*,#1714,.T.);
#2395=ORIENTED_EDGE('',*,*,#1715,.T.);
#2396=ORIENTED_EDGE('',*,*,#1716,.T.);
#2397=ORIENTED_EDGE('',*,*,#1717,.T.);
#2398=ORIENTED_EDGE('',*,*,#1718,.F.);
#2399=ORIENTED_EDGE('',*,*,#1719,.T.);
#2400=ORIENTED_EDGE('',*,*,#1720,.T.);
#2401=ORIENTED_EDGE('',*,*,#1721,.F.);
#2402=ORIENTED_EDGE('',*,*,#1722,.T.);
#2403=ORIENTED_EDGE('',*,*,#1723,.F.);
#2404=ORIENTED_EDGE('',*,*,#1724,.T.);
#2405=ORIENTED_EDGE('',*,*,#1725,.F.);
#2406=ORIENTED_EDGE('',*,*,#1707,.T.);
#2407=ORIENTED_EDGE('',*,*,#1726,.T.);
#2408=ORIENTED_EDGE('',*,*,#1727,.T.);
#2409=ORIENTED_EDGE('',*,*,#1711,.T.);
#2410=ORIENTED_EDGE('',*,*,#1728,.T.);
#2411=ORIENTED_EDGE('',*,*,#1727,.F.);
#2412=ORIENTED_EDGE('',*,*,#1729,.T.);
#2413=ORIENTED_EDGE('',*,*,#1730,.F.);
#2414=ORIENTED_EDGE('',*,*,#1712,.T.);
#2415=ORIENTED_EDGE('',*,*,#1731,.T.);
#2416=ORIENTED_EDGE('',*,*,#1732,.F.);
#2417=ORIENTED_EDGE('',*,*,#1719,.F.);
#2418=ORIENTED_EDGE('',*,*,#1733,.T.);
#2419=ORIENTED_EDGE('',*,*,#1734,.T.);
#2420=ORIENTED_EDGE('',*,*,#1735,.F.);
#2421=ORIENTED_EDGE('',*,*,#1720,.F.);
#2422=ORIENTED_EDGE('',*,*,#1732,.T.);
#2423=ORIENTED_EDGE('',*,*,#1736,.T.);
#2424=ORIENTED_EDGE('',*,*,#1737,.F.);
#2425=ORIENTED_EDGE('',*,*,#1721,.T.);
#2426=ORIENTED_EDGE('',*,*,#1735,.T.);
#2427=ORIENTED_EDGE('',*,*,#1738,.T.);
#2428=ORIENTED_EDGE('',*,*,#1739,.F.);
#2429=ORIENTED_EDGE('',*,*,#1722,.F.);
#2430=ORIENTED_EDGE('',*,*,#1737,.T.);
#2431=ORIENTED_EDGE('',*,*,#1740,.T.);
#2432=ORIENTED_EDGE('',*,*,#1741,.F.);
#2433=ORIENTED_EDGE('',*,*,#1723,.T.);
#2434=ORIENTED_EDGE('',*,*,#1739,.T.);
#2435=ORIENTED_EDGE('',*,*,#1742,.T.);
#2436=ORIENTED_EDGE('',*,*,#1743,.F.);
#2437=ORIENTED_EDGE('',*,*,#1724,.F.);
#2438=ORIENTED_EDGE('',*,*,#1741,.T.);
#2439=ORIENTED_EDGE('',*,*,#1744,.T.);
#2440=ORIENTED_EDGE('',*,*,#1708,.F.);
#2441=ORIENTED_EDGE('',*,*,#1725,.T.);
#2442=ORIENTED_EDGE('',*,*,#1743,.T.);
#2443=ORIENTED_EDGE('',*,*,#1704,.F.);
#2444=ORIENTED_EDGE('',*,*,#1745,.T.);
#2445=ORIENTED_EDGE('',*,*,#1728,.F.);
#2446=ORIENTED_EDGE('',*,*,#1710,.T.);
#2447=ORIENTED_EDGE('',*,*,#1746,.T.);
#2448=ORIENTED_EDGE('',*,*,#1747,.F.);
#2449=ORIENTED_EDGE('',*,*,#1713,.T.);
#2450=ORIENTED_EDGE('',*,*,#1730,.T.);
#2451=ORIENTED_EDGE('',*,*,#1748,.T.);
#2452=ORIENTED_EDGE('',*,*,#1749,.F.);
#2453=ORIENTED_EDGE('',*,*,#1714,.F.);
#2454=ORIENTED_EDGE('',*,*,#1747,.T.);
#2455=ORIENTED_EDGE('',*,*,#1750,.T.);
#2456=ORIENTED_EDGE('',*,*,#1751,.F.);
#2457=ORIENTED_EDGE('',*,*,#1715,.F.);
#2458=ORIENTED_EDGE('',*,*,#1749,.T.);
#2459=ORIENTED_EDGE('',*,*,#1752,.T.);
#2460=ORIENTED_EDGE('',*,*,#1753,.F.);
#2461=ORIENTED_EDGE('',*,*,#1716,.F.);
#2462=ORIENTED_EDGE('',*,*,#1751,.T.);
#2463=ORIENTED_EDGE('',*,*,#1754,.T.);
#2464=ORIENTED_EDGE('',*,*,#1755,.F.);
#2465=ORIENTED_EDGE('',*,*,#1717,.F.);
#2466=ORIENTED_EDGE('',*,*,#1753,.T.);
#2467=ORIENTED_EDGE('',*,*,#1756,.T.);
#2468=ORIENTED_EDGE('',*,*,#1733,.F.);
#2469=ORIENTED_EDGE('',*,*,#1718,.T.);
#2470=ORIENTED_EDGE('',*,*,#1755,.T.);
#2471=ORIENTED_EDGE('',*,*,#1703,.F.);
#2472=ORIENTED_EDGE('',*,*,#1709,.F.);
#2473=ORIENTED_EDGE('',*,*,#1744,.F.);
#2474=ORIENTED_EDGE('',*,*,#1742,.F.);
#2475=ORIENTED_EDGE('',*,*,#1740,.F.);
#2476=ORIENTED_EDGE('',*,*,#1738,.F.);
#2477=ORIENTED_EDGE('',*,*,#1736,.F.);
#2478=ORIENTED_EDGE('',*,*,#1734,.F.);
#2479=ORIENTED_EDGE('',*,*,#1731,.F.);
#2480=ORIENTED_EDGE('',*,*,#1756,.F.);
#2481=ORIENTED_EDGE('',*,*,#1754,.F.);
#2482=ORIENTED_EDGE('',*,*,#1752,.F.);
#2483=ORIENTED_EDGE('',*,*,#1750,.F.);
#2484=ORIENTED_EDGE('',*,*,#1748,.F.);
#2485=ORIENTED_EDGE('',*,*,#1746,.F.);
#2486=ORIENTED_EDGE('',*,*,#1729,.F.);
#2487=ORIENTED_EDGE('',*,*,#1726,.F.);
#2488=ORIENTED_EDGE('',*,*,#1745,.F.);
#2489=CYLINDRICAL_SURFACE('',#2689,0.2);
#2490=CYLINDRICAL_SURFACE('',#2701,0.2);
#2491=CYLINDRICAL_SURFACE('',#2722,2.5);
#2492=CYLINDRICAL_SURFACE('',#2724,2.5);
#2493=CYLINDRICAL_SURFACE('',#2731,1.3);
#2494=CYLINDRICAL_SURFACE('',#2735,1.3);
#2495=CYLINDRICAL_SURFACE('',#2739,1.3);
#2496=CYLINDRICAL_SURFACE('',#2743,1.3);
#2497=CYLINDRICAL_SURFACE('',#2747,2.5);
#2498=CYLINDRICAL_SURFACE('',#2750,2.5);
#2499=CYLINDRICAL_SURFACE('',#2753,2.5);
#2500=CYLINDRICAL_SURFACE('',#2756,2.5);
#2501=CYLINDRICAL_SURFACE('',#2778,5.);
#2502=CYLINDRICAL_SURFACE('',#2779,5.);
#2503=CYLINDRICAL_SURFACE('',#2786,0.5);
#2504=CYLINDRICAL_SURFACE('',#2792,0.5);
#2505=CYLINDRICAL_SURFACE('',#2797,0.5);
#2506=CYLINDRICAL_SURFACE('',#2802,0.5);
#2507=CYLINDRICAL_SURFACE('',#2806,2.75);
#2508=CYLINDRICAL_SURFACE('',#2808,2.75000000000001);
#2509=CYLINDRICAL_SURFACE('',#2811,2.75);
#2510=CYLINDRICAL_SURFACE('',#2813,2.75);
#2511=CYLINDRICAL_SURFACE('',#2830,1.5);
#2512=CYLINDRICAL_SURFACE('',#2834,1.5);
#2513=CYLINDRICAL_SURFACE('',#2838,1.5);
#2514=CYLINDRICAL_SURFACE('',#2842,1.5);
#2515=CYLINDRICAL_SURFACE('',#2846,2.5);
#2516=CYLINDRICAL_SURFACE('',#2850,2.5);
#2517=CYLINDRICAL_SURFACE('',#2854,2.5);
#2518=CYLINDRICAL_SURFACE('',#2858,2.5);
#2519=CYLINDRICAL_SURFACE('',#2892,0.2);
#2520=CYLINDRICAL_SURFACE('',#2904,0.2);
#2521=CYLINDRICAL_SURFACE('',#2908,1.);
#2522=CYLINDRICAL_SURFACE('',#2911,1.00000000000001);
#2523=CYLINDRICAL_SURFACE('',#2914,5.);
#2524=CYLINDRICAL_SURFACE('',#2919,1.);
#2525=CYLINDRICAL_SURFACE('',#2922,1.00000000000001);
#2526=CYLINDRICAL_SURFACE('',#2925,1.);
#2527=ADVANCED_FACE('',(#167),#2489,.T.);
#2528=ADVANCED_FACE('',(#168),#52,.F.);
#2529=ADVANCED_FACE('',(#169,#26),#53,.T.);
#2530=ADVANCED_FACE('',(#170),#2490,.T.);
#2531=ADVANCED_FACE('',(#171),#54,.F.);
#2532=ADVANCED_FACE('',(#172),#55,.F.);
#2533=ADVANCED_FACE('',(#173),#56,.T.);
#2534=ADVANCED_FACE('',(#174),#57,.T.);
#2535=ADVANCED_FACE('',(#175),#58,.T.);
#2536=ADVANCED_FACE('',(#176),#59,.T.);
#2537=ADVANCED_FACE('',(#177),#60,.T.);
#2538=ADVANCED_FACE('',(#178),#61,.T.);
#2539=ADVANCED_FACE('',(#179,#27),#62,.T.);
#2540=ADVANCED_FACE('',(#180,#28,#29),#63,.T.);
#2541=ADVANCED_FACE('',(#181,#30,#31),#64,.T.);
#2542=ADVANCED_FACE('',(#182),#2491,.F.);
#2543=ADVANCED_FACE('',(#183),#2492,.F.);
#2544=ADVANCED_FACE('',(#184,#32,#33),#65,.T.);
#2545=ADVANCED_FACE('',(#185),#2493,.T.);
#2546=ADVANCED_FACE('',(#186),#66,.T.);
#2547=ADVANCED_FACE('',(#187),#2494,.T.);
#2548=ADVANCED_FACE('',(#188),#67,.T.);
#2549=ADVANCED_FACE('',(#189),#2495,.T.);
#2550=ADVANCED_FACE('',(#190),#68,.T.);
#2551=ADVANCED_FACE('',(#191),#2496,.T.);
#2552=ADVANCED_FACE('',(#192),#69,.T.);
#2553=ADVANCED_FACE('',(#193),#2497,.T.);
#2554=ADVANCED_FACE('',(#194,#34),#70,.F.);
#2555=ADVANCED_FACE('',(#195),#2498,.T.);
#2556=ADVANCED_FACE('',(#196,#35),#71,.F.);
#2557=ADVANCED_FACE('',(#197),#2499,.T.);
#2558=ADVANCED_FACE('',(#198,#36),#72,.F.);
#2559=ADVANCED_FACE('',(#199),#2500,.T.);
#2560=ADVANCED_FACE('',(#200,#37),#73,.F.);
#2561=ADVANCED_FACE('',(#201,#38),#74,.T.);
#2562=ADVANCED_FACE('',(#202),#75,.F.);
#2563=ADVANCED_FACE('',(#203),#76,.T.);
#2564=ADVANCED_FACE('',(#204),#77,.F.);
#2565=ADVANCED_FACE('',(#205,#39),#78,.T.);
#2566=ADVANCED_FACE('',(#206),#79,.T.);
#2567=ADVANCED_FACE('',(#207,#40),#80,.T.);
#2568=ADVANCED_FACE('',(#208),#81,.F.);
#2569=ADVANCED_FACE('',(#209),#82,.F.);
#2570=ADVANCED_FACE('',(#210),#83,.F.);
#2571=ADVANCED_FACE('',(#211),#84,.T.);
#2572=ADVANCED_FACE('',(#212),#85,.T.);
#2573=ADVANCED_FACE('',(#213),#86,.T.);
#2574=ADVANCED_FACE('',(#214),#87,.F.);
#2575=ADVANCED_FACE('',(#215),#88,.F.);
#2576=ADVANCED_FACE('',(#216),#89,.F.);
#2577=ADVANCED_FACE('',(#217),#90,.T.);
#2578=ADVANCED_FACE('',(#218),#91,.T.);
#2579=ADVANCED_FACE('',(#219),#92,.T.);
#2580=ADVANCED_FACE('',(#220),#2501,.T.);
#2581=ADVANCED_FACE('',(#221),#2502,.T.);
#2582=ADVANCED_FACE('',(#222),#93,.F.);
#2583=ADVANCED_FACE('',(#223),#94,.F.);
#2584=ADVANCED_FACE('',(#224),#95,.F.);
#2585=ADVANCED_FACE('',(#225),#96,.F.);
#2586=ADVANCED_FACE('',(#226),#2503,.T.);
#2587=ADVANCED_FACE('',(#227),#22,.T.);
#2588=ADVANCED_FACE('',(#228),#2504,.T.);
#2589=ADVANCED_FACE('',(#229),#23,.T.);
#2590=ADVANCED_FACE('',(#230),#2505,.T.);
#2591=ADVANCED_FACE('',(#231),#24,.T.);
#2592=ADVANCED_FACE('',(#232),#2506,.T.);
#2593=ADVANCED_FACE('',(#233),#25,.T.);
#2594=ADVANCED_FACE('',(#234),#2507,.F.);
#2595=ADVANCED_FACE('',(#235),#97,.F.);
#2596=ADVANCED_FACE('',(#236),#2508,.F.);
#2597=ADVANCED_FACE('',(#237),#98,.F.);
#2598=ADVANCED_FACE('',(#238),#99,.F.);
#2599=ADVANCED_FACE('',(#239),#2509,.F.);
#2600=ADVANCED_FACE('',(#240),#100,.F.);
#2601=ADVANCED_FACE('',(#241),#2510,.F.);
#2602=ADVANCED_FACE('',(#242),#101,.T.);
#2603=ADVANCED_FACE('',(#243),#102,.T.);
#2604=ADVANCED_FACE('',(#244),#103,.T.);
#2605=ADVANCED_FACE('',(#245),#104,.T.);
#2606=ADVANCED_FACE('',(#246),#13,.T.);
#2607=ADVANCED_FACE('',(#247),#105,.T.);
#2608=ADVANCED_FACE('',(#248),#106,.T.);
#2609=ADVANCED_FACE('',(#249),#107,.T.);
#2610=ADVANCED_FACE('',(#250),#108,.T.);
#2611=ADVANCED_FACE('',(#251),#109,.T.);
#2612=ADVANCED_FACE('',(#252),#110,.T.);
#2613=ADVANCED_FACE('',(#253),#111,.T.);
#2614=ADVANCED_FACE('',(#254),#112,.T.);
#2615=ADVANCED_FACE('',(#255),#113,.T.);
#2616=ADVANCED_FACE('',(#256),#114,.T.);
#2617=ADVANCED_FACE('',(#257),#115,.T.);
#2618=ADVANCED_FACE('',(#258),#116,.T.);
#2619=ADVANCED_FACE('',(#259),#2511,.F.);
#2620=ADVANCED_FACE('',(#260),#117,.T.);
#2621=ADVANCED_FACE('',(#261),#2512,.F.);
#2622=ADVANCED_FACE('',(#262),#118,.T.);
#2623=ADVANCED_FACE('',(#263),#2513,.F.);
#2624=ADVANCED_FACE('',(#264),#119,.T.);
#2625=ADVANCED_FACE('',(#265),#2514,.F.);
#2626=ADVANCED_FACE('',(#266),#120,.T.);
#2627=ADVANCED_FACE('',(#267),#2515,.T.);
#2628=ADVANCED_FACE('',(#268,#41),#121,.F.);
#2629=ADVANCED_FACE('',(#269),#2516,.T.);
#2630=ADVANCED_FACE('',(#270,#42),#122,.F.);
#2631=ADVANCED_FACE('',(#271),#2517,.T.);
#2632=ADVANCED_FACE('',(#272,#43),#123,.F.);
#2633=ADVANCED_FACE('',(#273),#2518,.T.);
#2634=ADVANCED_FACE('',(#274,#44),#124,.F.);
#2635=ADVANCED_FACE('',(#275),#125,.T.);
#2636=ADVANCED_FACE('',(#276),#126,.T.);
#2637=ADVANCED_FACE('',(#277),#127,.T.);
#2638=ADVANCED_FACE('',(#278),#128,.T.);
#2639=ADVANCED_FACE('',(#279),#129,.F.);
#2640=ADVANCED_FACE('',(#280),#130,.F.);
#2641=ADVANCED_FACE('',(#281),#131,.F.);
#2642=ADVANCED_FACE('',(#282),#132,.F.);
#2643=ADVANCED_FACE('',(#283),#133,.T.);
#2644=ADVANCED_FACE('',(#284),#134,.T.);
#2645=ADVANCED_FACE('',(#285),#135,.T.);
#2646=ADVANCED_FACE('',(#286),#136,.T.);
#2647=ADVANCED_FACE('',(#287),#137,.F.);
#2648=ADVANCED_FACE('',(#288),#138,.F.);
#2649=ADVANCED_FACE('',(#289),#139,.F.);
#2650=ADVANCED_FACE('',(#290),#140,.F.);
#2651=ADVANCED_FACE('',(#291),#141,.T.);
#2652=ADVANCED_FACE('',(#292),#142,.T.);
#2653=ADVANCED_FACE('',(#293),#143,.T.);
#2654=ADVANCED_FACE('',(#294),#144,.T.);
#2655=ADVANCED_FACE('',(#295),#145,.T.);
#2656=ADVANCED_FACE('',(#296),#146,.T.);
#2657=ADVANCED_FACE('',(#297),#147,.T.);
#2658=ADVANCED_FACE('',(#298),#148,.T.);
#2659=ADVANCED_FACE('',(#299),#149,.T.);
#2660=ADVANCED_FACE('',(#300),#150,.T.);
#2661=ADVANCED_FACE('',(#301),#151,.T.);
#2662=ADVANCED_FACE('',(#302,#45,#46),#152,.T.);
#2663=ADVANCED_FACE('',(#303),#153,.T.);
#2664=ADVANCED_FACE('',(#304,#47,#48,#49,#50,#51),#154,.F.);
#2665=ADVANCED_FACE('',(#305),#2519,.T.);
#2666=ADVANCED_FACE('',(#306),#155,.T.);
#2667=ADVANCED_FACE('',(#307),#156,.T.);
#2668=ADVANCED_FACE('',(#308),#2520,.T.);
#2669=ADVANCED_FACE('',(#309),#157,.T.);
#2670=ADVANCED_FACE('',(#310),#158,.T.);
#2671=ADVANCED_FACE('',(#311),#2521,.T.);
#2672=ADVANCED_FACE('',(#312),#159,.T.);
#2673=ADVANCED_FACE('',(#313),#2522,.T.);
#2674=ADVANCED_FACE('',(#314),#160,.T.);
#2675=ADVANCED_FACE('',(#315),#2523,.T.);
#2676=ADVANCED_FACE('',(#316),#161,.T.);
#2677=ADVANCED_FACE('',(#317),#162,.T.);
#2678=ADVANCED_FACE('',(#318),#163,.T.);
#2679=ADVANCED_FACE('',(#319),#2524,.T.);
#2680=ADVANCED_FACE('',(#320),#164,.T.);
#2681=ADVANCED_FACE('',(#321),#2525,.T.);
#2682=ADVANCED_FACE('',(#322),#165,.T.);
#2683=ADVANCED_FACE('',(#323),#2526,.F.);
#2684=ADVANCED_FACE('',(#324),#166,.T.);
#2685=CLOSED_SHELL('',(#2527,#2528,#2529,#2530,#2531,#2532,#2533,#2534,
#2535,#2536,#2537,#2538,#2539,#2540,#2541,#2542,#2543,#2544,#2545,#2546,
#2547,#2548,#2549,#2550,#2551,#2552,#2553,#2554,#2555,#2556,#2557,#2558,
#2559,#2560,#2561,#2562,#2563,#2564,#2565,#2566,#2567,#2568,#2569,#2570,
#2571,#2572,#2573,#2574,#2575,#2576,#2577,#2578,#2579,#2580,#2581,#2582,
#2583,#2584,#2585,#2586,#2587,#2588,#2589,#2590,#2591,#2592,#2593,#2594,
#2595,#2596,#2597,#2598,#2599,#2600,#2601,#2602,#2603));
#2686=CLOSED_SHELL('',(#2604,#2605,#2606,#2607,#2608,#2609,#2610,#2611,
#2612,#2613,#2614,#2615,#2616,#2617,#2618,#2619,#2620,#2621,#2622,#2623,
#2624,#2625,#2626,#2627,#2628,#2629,#2630,#2631,#2632,#2633,#2634,#2635,
#2636,#2637,#2638,#2639,#2640,#2641,#2642,#2643,#2644,#2645,#2646,#2647,
#2648,#2649,#2650,#2651,#2652,#2653,#2654,#2655,#2656,#2657,#2658,#2659,
#2660,#2661,#2662,#2663,#2664));
#2687=CLOSED_SHELL('',(#2665,#2666,#2667,#2668,#2669,#2670,#2671,#2672,
#2673,#2674,#2675,#2676,#2677,#2678,#2679,#2680,#2681,#2682,#2683,#2684));
#2688=AXIS2_PLACEMENT_3D('',#3690,#2928,#2929);
#2689=AXIS2_PLACEMENT_3D('',#3691,#2930,#2931);
#2690=AXIS2_PLACEMENT_3D('',#3694,#2932,#2933);
#2691=AXIS2_PLACEMENT_3D('',#3698,#2935,#2936);
#2692=AXIS2_PLACEMENT_3D('',#3700,#2938,#2939);
#2693=AXIS2_PLACEMENT_3D('',#3706,#2943,#2944);
#2694=AXIS2_PLACEMENT_3D('',#3710,#2946,#2947);
#2695=AXIS2_PLACEMENT_3D('',#3718,#2951,#2952);
#2696=AXIS2_PLACEMENT_3D('',#3722,#2954,#2955);
#2697=AXIS2_PLACEMENT_3D('',#3730,#2959,#2960);
#2698=AXIS2_PLACEMENT_3D('',#3734,#2962,#2963);
#2699=AXIS2_PLACEMENT_3D('',#3738,#2965,#2966);
#2700=AXIS2_PLACEMENT_3D('',#3741,#2968,#2969);
#2701=AXIS2_PLACEMENT_3D('',#3742,#2970,#2971);
#2702=AXIS2_PLACEMENT_3D('',#3746,#2973,#2974);
#2703=AXIS2_PLACEMENT_3D('',#3748,#2976,#2977);
#2704=AXIS2_PLACEMENT_3D('',#3752,#2980,#2981);
#2705=AXIS2_PLACEMENT_3D('',#3754,#2983,#2984);
#2706=AXIS2_PLACEMENT_3D('',#3758,#2986,#2987);
#2707=AXIS2_PLACEMENT_3D('',#3766,#2991,#2992);
#2708=AXIS2_PLACEMENT_3D('',#3768,#2994,#2995);
#2709=AXIS2_PLACEMENT_3D('',#3770,#2997,#2998);
#2710=AXIS2_PLACEMENT_3D('',#3779,#3003,#3004);
#2711=AXIS2_PLACEMENT_3D('',#3785,#3008,#3009);
#2712=AXIS2_PLACEMENT_3D('',#3791,#3013,#3014);
#2713=AXIS2_PLACEMENT_3D('',#3793,#3016,#3017);
#2714=AXIS2_PLACEMENT_3D('',#3797,#3019,#3020);
#2715=AXIS2_PLACEMENT_3D('',#3805,#3024,#3025);
#2716=AXIS2_PLACEMENT_3D('',#3815,#3031,#3032);
#2717=AXIS2_PLACEMENT_3D('',#3820,#3035,#3036);
#2718=AXIS2_PLACEMENT_3D('',#3822,#3037,#3038);
#2719=AXIS2_PLACEMENT_3D('',#3823,#3039,#3040);
#2720=AXIS2_PLACEMENT_3D('',#3828,#3043,#3044);
#2721=AXIS2_PLACEMENT_3D('',#3830,#3045,#3046);
#2722=AXIS2_PLACEMENT_3D('',#3831,#3047,#3048);
#2723=AXIS2_PLACEMENT_3D('',#3834,#3050,#3051);
#2724=AXIS2_PLACEMENT_3D('',#3835,#3052,#3053);
#2725=AXIS2_PLACEMENT_3D('',#3837,#3054,#3055);
#2726=AXIS2_PLACEMENT_3D('',#3839,#3057,#3058);
#2727=AXIS2_PLACEMENT_3D('',#3853,#3065,#3066);
#2728=AXIS2_PLACEMENT_3D('',#3857,#3068,#3069);
#2729=AXIS2_PLACEMENT_3D('',#3861,#3071,#3072);
#2730=AXIS2_PLACEMENT_3D('',#3864,#3074,#3075);
#2731=AXIS2_PLACEMENT_3D('',#3873,#3080,#3081);
#2732=AXIS2_PLACEMENT_3D('',#3875,#3082,#3083);
#2733=AXIS2_PLACEMENT_3D('',#3878,#3085,#3086);
#2734=AXIS2_PLACEMENT_3D('',#3879,#3087,#3088);
#2735=AXIS2_PLACEMENT_3D('',#3880,#3089,#3090);
#2736=AXIS2_PLACEMENT_3D('',#3882,#3091,#3092);
#2737=AXIS2_PLACEMENT_3D('',#3885,#3094,#3095);
#2738=AXIS2_PLACEMENT_3D('',#3886,#3096,#3097);
#2739=AXIS2_PLACEMENT_3D('',#3887,#3098,#3099);
#2740=AXIS2_PLACEMENT_3D('',#3889,#3100,#3101);
#2741=AXIS2_PLACEMENT_3D('',#3892,#3103,#3104);
#2742=AXIS2_PLACEMENT_3D('',#3893,#3105,#3106);
#2743=AXIS2_PLACEMENT_3D('',#3894,#3107,#3108);
#2744=AXIS2_PLACEMENT_3D('',#3896,#3109,#3110);
#2745=AXIS2_PLACEMENT_3D('',#3899,#3112,#3113);
#2746=AXIS2_PLACEMENT_3D('',#3900,#3114,#3115);
#2747=AXIS2_PLACEMENT_3D('',#3901,#3116,#3117);
#2748=AXIS2_PLACEMENT_3D('',#3903,#3118,#3119);
#2749=AXIS2_PLACEMENT_3D('',#3905,#3121,#3122);
#2750=AXIS2_PLACEMENT_3D('',#3906,#3123,#3124);
#2751=AXIS2_PLACEMENT_3D('',#3908,#3125,#3126);
#2752=AXIS2_PLACEMENT_3D('',#3910,#3128,#3129);
#2753=AXIS2_PLACEMENT_3D('',#3911,#3130,#3131);
#2754=AXIS2_PLACEMENT_3D('',#3913,#3132,#3133);
#2755=AXIS2_PLACEMENT_3D('',#3915,#3135,#3136);
#2756=AXIS2_PLACEMENT_3D('',#3916,#3137,#3138);
#2757=AXIS2_PLACEMENT_3D('',#3918,#3139,#3140);
#2758=AXIS2_PLACEMENT_3D('',#3920,#3142,#3143);
#2759=AXIS2_PLACEMENT_3D('',#3921,#3144,#3145);
#2760=AXIS2_PLACEMENT_3D('',#3926,#3150,#3151);
#2761=AXIS2_PLACEMENT_3D('',#3932,#3155,#3156);
#2762=AXIS2_PLACEMENT_3D('',#3938,#3160,#3161);
#2763=AXIS2_PLACEMENT_3D('',#3947,#3166,#3167);
#2764=AXIS2_PLACEMENT_3D('',#3953,#3171,#3172);
#2765=AXIS2_PLACEMENT_3D('',#3962,#3177,#3178);
#2766=AXIS2_PLACEMENT_3D('',#3968,#3182,#3183);
#2767=AXIS2_PLACEMENT_3D('',#3970,#3185,#3186);
#2768=AXIS2_PLACEMENT_3D('',#3972,#3188,#3189);
#2769=AXIS2_PLACEMENT_3D('',#3973,#3190,#3191);
#2770=AXIS2_PLACEMENT_3D('',#3975,#3193,#3194);
#2771=AXIS2_PLACEMENT_3D('',#3977,#3196,#3197);
#2772=AXIS2_PLACEMENT_3D('',#3978,#3198,#3199);
#2773=AXIS2_PLACEMENT_3D('',#3980,#3201,#3202);
#2774=AXIS2_PLACEMENT_3D('',#3982,#3204,#3205);
#2775=AXIS2_PLACEMENT_3D('',#3983,#3206,#3207);
#2776=AXIS2_PLACEMENT_3D('',#3985,#3209,#3210);
#2777=AXIS2_PLACEMENT_3D('',#3987,#3212,#3213);
#2778=AXIS2_PLACEMENT_3D('',#3988,#3214,#3215);
#2779=AXIS2_PLACEMENT_3D('',#3990,#3217,#3218);
#2780=AXIS2_PLACEMENT_3D('',#3992,#3220,#3221);
#2781=AXIS2_PLACEMENT_3D('',#3998,#3225,#3226);
#2782=AXIS2_PLACEMENT_3D('',#4002,#3229,#3230);
#2783=AXIS2_PLACEMENT_3D('',#4006,#3233,#3234);
#2784=AXIS2_PLACEMENT_3D('',#4008,#3235,#3236);
#2785=AXIS2_PLACEMENT_3D('',#4011,#3238,#3239);
#2786=AXIS2_PLACEMENT_3D('',#4012,#3240,#3241);
#2787=AXIS2_PLACEMENT_3D('',#4014,#3242,#3243);
#2788=AXIS2_PLACEMENT_3D('',#4017,#3245,#3246);
#2789=AXIS2_PLACEMENT_3D('',#4018,#3247,#3248);
#2790=AXIS2_PLACEMENT_3D('',#4020,#3249,#3250);
#2791=AXIS2_PLACEMENT_3D('',#4021,#3251,#3252);
#2792=AXIS2_PLACEMENT_3D('',#4022,#3253,#3254);
#2793=AXIS2_PLACEMENT_3D('',#4024,#3255,#3256);
#2794=AXIS2_PLACEMENT_3D('',#4026,#3258,#3259);
#2795=AXIS2_PLACEMENT_3D('',#4028,#3260,#3261);
#2796=AXIS2_PLACEMENT_3D('',#4029,#3262,#3263);
#2797=AXIS2_PLACEMENT_3D('',#4030,#3264,#3265);
#2798=AXIS2_PLACEMENT_3D('',#4032,#3266,#3267);
#2799=AXIS2_PLACEMENT_3D('',#4034,#3269,#3270);
#2800=AXIS2_PLACEMENT_3D('',#4036,#3271,#3272);
#2801=AXIS2_PLACEMENT_3D('',#4037,#3273,#3274);
#2802=AXIS2_PLACEMENT_3D('',#4038,#3275,#3276);
#2803=AXIS2_PLACEMENT_3D('',#4040,#3277,#3278);
#2804=AXIS2_PLACEMENT_3D('',#4042,#3280,#3281);
#2805=AXIS2_PLACEMENT_3D('',#4043,#3282,#3283);
#2806=AXIS2_PLACEMENT_3D('',#4044,#3284,#3285);
#2807=AXIS2_PLACEMENT_3D('',#4047,#3288,#3289);
#2808=AXIS2_PLACEMENT_3D('',#4049,#3291,#3292);
#2809=AXIS2_PLACEMENT_3D('',#4051,#3294,#3295);
#2810=AXIS2_PLACEMENT_3D('',#4053,#3297,#3298);
#2811=AXIS2_PLACEMENT_3D('',#4055,#3300,#3301);
#2812=AXIS2_PLACEMENT_3D('',#4057,#3303,#3304);
#2813=AXIS2_PLACEMENT_3D('',#4059,#3306,#3307);
#2814=AXIS2_PLACEMENT_3D('',#4060,#3308,#3309);
#2815=AXIS2_PLACEMENT_3D('',#4061,#3310,#3311);
#2816=AXIS2_PLACEMENT_3D('',#4062,#3312,#3313);
#2817=AXIS2_PLACEMENT_3D('',#4093,#3327,#3328);
#2818=AXIS2_PLACEMENT_3D('',#4110,#3333,#3334);
#2819=AXIS2_PLACEMENT_3D('',#4114,#3337,#3338);
#2820=AXIS2_PLACEMENT_3D('',#4118,#3341,#3342);
#2821=AXIS2_PLACEMENT_3D('',#4122,#3345,#3346);
#2822=AXIS2_PLACEMENT_3D('',#4126,#3349,#3350);
#2823=AXIS2_PLACEMENT_3D('',#4130,#3353,#3354);
#2824=AXIS2_PLACEMENT_3D('',#4134,#3357,#3358);
#2825=AXIS2_PLACEMENT_3D('',#4138,#3361,#3362);
#2826=AXIS2_PLACEMENT_3D('',#4142,#3365,#3366);
#2827=AXIS2_PLACEMENT_3D('',#4146,#3369,#3370);
#2828=AXIS2_PLACEMENT_3D('',#4150,#3373,#3374);
#2829=AXIS2_PLACEMENT_3D('',#4154,#3377,#3378);
#2830=AXIS2_PLACEMENT_3D('',#4156,#3380,#3381);
#2831=AXIS2_PLACEMENT_3D('',#4158,#3382,#3383);
#2832=AXIS2_PLACEMENT_3D('',#4161,#3385,#3386);
#2833=AXIS2_PLACEMENT_3D('',#4162,#3387,#3388);
#2834=AXIS2_PLACEMENT_3D('',#4163,#3389,#3390);
#2835=AXIS2_PLACEMENT_3D('',#4165,#3391,#3392);
#2836=AXIS2_PLACEMENT_3D('',#4168,#3394,#3395);
#2837=AXIS2_PLACEMENT_3D('',#4169,#3396,#3397);
#2838=AXIS2_PLACEMENT_3D('',#4170,#3398,#3399);
#2839=AXIS2_PLACEMENT_3D('',#4172,#3400,#3401);
#2840=AXIS2_PLACEMENT_3D('',#4175,#3403,#3404);
#2841=AXIS2_PLACEMENT_3D('',#4176,#3405,#3406);
#2842=AXIS2_PLACEMENT_3D('',#4177,#3407,#3408);
#2843=AXIS2_PLACEMENT_3D('',#4179,#3409,#3410);
#2844=AXIS2_PLACEMENT_3D('',#4182,#3412,#3413);
#2845=AXIS2_PLACEMENT_3D('',#4183,#3414,#3415);
#2846=AXIS2_PLACEMENT_3D('',#4184,#3416,#3417);
#2847=AXIS2_PLACEMENT_3D('',#4186,#3418,#3419);
#2848=AXIS2_PLACEMENT_3D('',#4189,#3421,#3422);
#2849=AXIS2_PLACEMENT_3D('',#4190,#3423,#3424);
#2850=AXIS2_PLACEMENT_3D('',#4191,#3425,#3426);
#2851=AXIS2_PLACEMENT_3D('',#4193,#3427,#3428);
#2852=AXIS2_PLACEMENT_3D('',#4196,#3430,#3431);
#2853=AXIS2_PLACEMENT_3D('',#4197,#3432,#3433);
#2854=AXIS2_PLACEMENT_3D('',#4198,#3434,#3435);
#2855=AXIS2_PLACEMENT_3D('',#4200,#3436,#3437);
#2856=AXIS2_PLACEMENT_3D('',#4203,#3439,#3440);
#2857=AXIS2_PLACEMENT_3D('',#4204,#3441,#3442);
#2858=AXIS2_PLACEMENT_3D('',#4205,#3443,#3444);
#2859=AXIS2_PLACEMENT_3D('',#4207,#3445,#3446);
#2860=AXIS2_PLACEMENT_3D('',#4210,#3448,#3449);
#2861=AXIS2_PLACEMENT_3D('',#4211,#3450,#3451);
#2862=AXIS2_PLACEMENT_3D('',#4212,#3452,#3453);
#2863=AXIS2_PLACEMENT_3D('',#4219,#3457,#3458);
#2864=AXIS2_PLACEMENT_3D('',#4225,#3462,#3463);
#2865=AXIS2_PLACEMENT_3D('',#4229,#3466,#3467);
#2866=AXIS2_PLACEMENT_3D('',#4231,#3469,#3470);
#2867=AXIS2_PLACEMENT_3D('',#4238,#3474,#3475);
#2868=AXIS2_PLACEMENT_3D('',#4244,#3479,#3480);
#2869=AXIS2_PLACEMENT_3D('',#4248,#3483,#3484);
#2870=AXIS2_PLACEMENT_3D('',#4250,#3486,#3487);
#2871=AXIS2_PLACEMENT_3D('',#4257,#3491,#3492);
#2872=AXIS2_PLACEMENT_3D('',#4263,#3496,#3497);
#2873=AXIS2_PLACEMENT_3D('',#4267,#3500,#3501);
#2874=AXIS2_PLACEMENT_3D('',#4269,#3503,#3504);
#2875=AXIS2_PLACEMENT_3D('',#4276,#3508,#3509);
#2876=AXIS2_PLACEMENT_3D('',#4282,#3513,#3514);
#2877=AXIS2_PLACEMENT_3D('',#4286,#3517,#3518);
#2878=AXIS2_PLACEMENT_3D('',#4288,#3520,#3521);
#2879=AXIS2_PLACEMENT_3D('',#4294,#3525,#3526);
#2880=AXIS2_PLACEMENT_3D('',#4300,#3530,#3531);
#2881=AXIS2_PLACEMENT_3D('',#4306,#3535,#3536);
#2882=AXIS2_PLACEMENT_3D('',#4312,#3540,#3541);
#2883=AXIS2_PLACEMENT_3D('',#4315,#3544,#3545);
#2884=AXIS2_PLACEMENT_3D('',#4318,#3548,#3549);
#2885=AXIS2_PLACEMENT_3D('',#4321,#3552,#3553);
#2886=AXIS2_PLACEMENT_3D('',#4330,#3558,#3559);
#2887=AXIS2_PLACEMENT_3D('',#4336,#3563,#3564);
#2888=AXIS2_PLACEMENT_3D('',#4342,#3568,#3569);
#2889=AXIS2_PLACEMENT_3D('',#4345,#3572,#3573);
#2890=AXIS2_PLACEMENT_3D('',#4347,#3575,#3576);
#2891=AXIS2_PLACEMENT_3D('',#4349,#3578,#3579);
#2892=AXIS2_PLACEMENT_3D('',#4350,#3580,#3581);
#2893=AXIS2_PLACEMENT_3D('',#4353,#3582,#3583);
#2894=AXIS2_PLACEMENT_3D('',#4357,#3585,#3586);
#2895=AXIS2_PLACEMENT_3D('',#4359,#3588,#3589);
#2896=AXIS2_PLACEMENT_3D('',#4365,#3593,#3594);
#2897=AXIS2_PLACEMENT_3D('',#4369,#3596,#3597);
#2898=AXIS2_PLACEMENT_3D('',#4375,#3600,#3601);
#2899=AXIS2_PLACEMENT_3D('',#4379,#3603,#3604);
#2900=AXIS2_PLACEMENT_3D('',#4383,#3606,#3607);
#2901=AXIS2_PLACEMENT_3D('',#4387,#3609,#3610);
#2902=AXIS2_PLACEMENT_3D('',#4391,#3612,#3613);
#2903=AXIS2_PLACEMENT_3D('',#4395,#3615,#3616);
#2904=AXIS2_PLACEMENT_3D('',#4397,#3618,#3619);
#2905=AXIS2_PLACEMENT_3D('',#4400,#3620,#3621);
#2906=AXIS2_PLACEMENT_3D('',#4403,#3624,#3625);
#2907=AXIS2_PLACEMENT_3D('',#4407,#3628,#3629);
#2908=AXIS2_PLACEMENT_3D('',#4413,#3633,#3634);
#2909=AXIS2_PLACEMENT_3D('',#4415,#3635,#3636);
#2910=AXIS2_PLACEMENT_3D('',#4417,#3638,#3639);
#2911=AXIS2_PLACEMENT_3D('',#4421,#3642,#3643);
#2912=AXIS2_PLACEMENT_3D('',#4423,#3644,#3645);
#2913=AXIS2_PLACEMENT_3D('',#4425,#3647,#3648);
#2914=AXIS2_PLACEMENT_3D('',#4429,#3651,#3652);
#2915=AXIS2_PLACEMENT_3D('',#4431,#3653,#3654);
#2916=AXIS2_PLACEMENT_3D('',#4433,#3656,#3657);
#2917=AXIS2_PLACEMENT_3D('',#4435,#3659,#3660);
#2918=AXIS2_PLACEMENT_3D('',#4437,#3662,#3663);
#2919=AXIS2_PLACEMENT_3D('',#4441,#3666,#3667);
#2920=AXIS2_PLACEMENT_3D('',#4443,#3668,#3669);
#2921=AXIS2_PLACEMENT_3D('',#4445,#3671,#3672);
#2922=AXIS2_PLACEMENT_3D('',#4449,#3675,#3676);
#2923=AXIS2_PLACEMENT_3D('',#4451,#3677,#3678);
#2924=AXIS2_PLACEMENT_3D('',#4453,#3680,#3681);
#2925=AXIS2_PLACEMENT_3D('',#4457,#3684,#3685);
#2926=AXIS2_PLACEMENT_3D('',#4458,#3686,#3687);
#2927=AXIS2_PLACEMENT_3D('',#4459,#3688,#3689);
#2928=DIRECTION('axis',(0.,0.,1.));
#2929=DIRECTION('refdir',(1.,0.,0.));
#2930=DIRECTION('center_axis',(0.,1.,0.));
#2931=DIRECTION('ref_axis',(-0.923879532511288,0.,-0.382683432365086));
#2932=DIRECTION('center_axis',(-3.01077430406822E-16,-1.,0.));
#2933=DIRECTION('ref_axis',(-0.923879532511288,0.,-0.382683432365086));
#2934=DIRECTION('',(0.,-1.,0.));
#2935=DIRECTION('center_axis',(3.01077430406822E-16,1.,0.));
#2936=DIRECTION('ref_axis',(-0.923879532511288,0.,-0.382683432365086));
#2937=DIRECTION('',(0.,1.,0.));
#2938=DIRECTION('center_axis',(0.707106781186548,0.,-0.707106781186547));
#2939=DIRECTION('ref_axis',(-0.707106781186547,0.,-0.707106781186548));
#2940=DIRECTION('',(-0.707106781186547,2.12893892702885E-16,-0.707106781186548));
#2941=DIRECTION('',(0.,1.,0.));
#2942=DIRECTION('',(0.707106781186547,-2.12893892702885E-16,0.707106781186548));
#2943=DIRECTION('center_axis',(-3.01077430406822E-16,-1.,0.));
#2944=DIRECTION('ref_axis',(1.,-3.01077430406822E-16,0.));
#2945=DIRECTION('',(-1.,3.01077430406822E-16,0.));
#2946=DIRECTION('center_axis',(3.01077430406822E-16,1.,0.));
#2947=DIRECTION('ref_axis',(0.707106781186547,0.,-0.707106781186547));
#2948=DIRECTION('',(0.,0.,1.));
#2949=DIRECTION('',(1.,-3.01077430406822E-16,0.));
#2950=DIRECTION('',(0.,0.,-1.));
#2951=DIRECTION('center_axis',(3.01077430406822E-16,1.,0.));
#2952=DIRECTION('ref_axis',(-0.707106781186547,0.,-0.707106781186547));
#2953=DIRECTION('',(-1.,3.01077430406822E-16,0.));
#2954=DIRECTION('center_axis',(3.01077430406822E-16,1.,0.));
#2955=DIRECTION('ref_axis',(0.923879532511288,0.,-0.382683432365086));
#2956=DIRECTION('',(-0.707106781186545,2.12893892702884E-16,0.70710678118655));
#2957=DIRECTION('',(1.,-3.01077430406822E-16,7.65606670234147E-17));
#2958=DIRECTION('',(-1.65157144159118E-14,4.97250885767563E-30,1.));
#2959=DIRECTION('center_axis',(-3.01077430406822E-16,-1.,0.));
#2960=DIRECTION('ref_axis',(0.707106781186551,-2.12893892702886E-16,-0.707106781186544));
#2961=DIRECTION('',(1.,-3.01077430406822E-16,3.99936248063817E-15));
#2962=DIRECTION('center_axis',(-3.01077430406822E-16,-1.,0.));
#2963=DIRECTION('ref_axis',(-0.707106781186547,2.12893892702885E-16,-0.707106781186548));
#2964=DIRECTION('',(9.17539689772856E-16,-2.76250492093084E-31,-1.));
#2965=DIRECTION('center_axis',(-3.01077430406822E-16,-1.,0.));
#2966=DIRECTION('ref_axis',(-0.707106781186551,2.12893892702886E-16,0.707106781186544));
#2967=DIRECTION('',(-1.,3.01077430406822E-16,-6.48305415839247E-15));
#2968=DIRECTION('center_axis',(-3.01077430406822E-16,-1.,0.));
#2969=DIRECTION('ref_axis',(0.707106781186545,-2.12893892702884E-16,0.70710678118655));
#2970=DIRECTION('center_axis',(0.,-1.,0.));
#2971=DIRECTION('ref_axis',(0.923879532511288,0.,-0.382683432365086));
#2972=DIRECTION('',(0.,1.,0.));
#2973=DIRECTION('center_axis',(-3.01077430406822E-16,-1.,0.));
#2974=DIRECTION('ref_axis',(0.923879532511288,0.,-0.382683432365086));
#2975=DIRECTION('',(0.,-1.,0.));
#2976=DIRECTION('center_axis',(-0.70710678118655,0.,-0.707106781186545));
#2977=DIRECTION('ref_axis',(-0.707106781186545,0.,0.70710678118655));
#2978=DIRECTION('',(0.707106781186545,-2.12893892702884E-16,-0.70710678118655));
#2979=DIRECTION('',(0.,1.,0.));
#2980=DIRECTION('center_axis',(-7.65606670234147E-17,0.,1.));
#2981=DIRECTION('ref_axis',(1.,0.,7.65606670234147E-17));
#2982=DIRECTION('',(-1.,3.01077430406822E-16,-7.65606670234147E-17));
#2983=DIRECTION('center_axis',(3.01077430406822E-16,1.,0.));
#2984=DIRECTION('ref_axis',(-1.,3.01077430406822E-16,0.));
#2985=DIRECTION('',(1.,-3.01077430406822E-16,0.));
#2986=DIRECTION('center_axis',(-3.01077430406822E-16,-1.,0.));
#2987=DIRECTION('ref_axis',(-0.707106781186547,0.,-0.707106781186547));
#2988=DIRECTION('',(0.,0.,1.));
#2989=DIRECTION('',(-1.,3.01077430406822E-16,0.));
#2990=DIRECTION('',(0.,0.,1.));
#2991=DIRECTION('center_axis',(-3.01077430406822E-16,-1.,0.));
#2992=DIRECTION('ref_axis',(0.707106781186547,0.,-0.707106781186547));
#2993=DIRECTION('',(1.,-3.01077430406822E-16,0.));
#2994=DIRECTION('center_axis',(0.,0.,-1.));
#2995=DIRECTION('ref_axis',(-1.,0.,0.));
#2996=DIRECTION('',(0.,-1.,0.));
#2997=DIRECTION('center_axis',(0.707106781186547,0.,-0.707106781186548));
#2998=DIRECTION('ref_axis',(-0.707106781186548,0.,-0.707106781186547));
#2999=DIRECTION('',(0.707106781186548,0.,0.707106781186547));
#3000=DIRECTION('',(0.,-1.,0.));
#3001=DIRECTION('',(-0.707106781186548,0.,-0.707106781186547));
#3002=DIRECTION('',(0.,1.,0.));
#3003=DIRECTION('center_axis',(-5.74362819916914E-17,0.,1.));
#3004=DIRECTION('ref_axis',(1.,0.,5.74362819916914E-17));
#3005=DIRECTION('',(-1.,0.,-5.74362819916914E-17));
#3006=DIRECTION('',(1.,0.,5.74362819916914E-17));
#3007=DIRECTION('',(0.,1.,0.));
#3008=DIRECTION('center_axis',(-0.707106781186549,0.,-0.707106781186546));
#3009=DIRECTION('ref_axis',(-0.707106781186546,0.,0.707106781186549));
#3010=DIRECTION('',(0.707106781186546,0.,-0.707106781186549));
#3011=DIRECTION('',(-0.707106781186546,0.,0.707106781186549));
#3012=DIRECTION('',(0.,1.,0.));
#3013=DIRECTION('center_axis',(0.,0.,-1.));
#3014=DIRECTION('ref_axis',(-1.,0.,0.));
#3015=DIRECTION('',(0.,1.,0.));
#3016=DIRECTION('center_axis',(0.,-1.,0.));
#3017=DIRECTION('ref_axis',(1.,0.,0.));
#3018=DIRECTION('',(1.,0.,0.));
#3019=DIRECTION('center_axis',(0.,-1.,0.));
#3020=DIRECTION('ref_axis',(0.707106781186547,0.,-0.707106781186547));
#3021=DIRECTION('',(0.,0.,1.));
#3022=DIRECTION('',(1.,0.,0.));
#3023=DIRECTION('',(0.,0.,1.));
#3024=DIRECTION('center_axis',(0.,-1.,0.));
#3025=DIRECTION('ref_axis',(-0.707106781186547,0.,-0.707106781186547));
#3026=DIRECTION('',(1.,0.,0.));
#3027=DIRECTION('',(-1.,0.,0.));
#3028=DIRECTION('',(0.,0.,-1.));
#3029=DIRECTION('',(-1.,0.,0.));
#3030=DIRECTION('',(0.,0.,1.));
#3031=DIRECTION('center_axis',(0.,0.,1.));
#3032=DIRECTION('ref_axis',(1.,0.,0.));
#3033=DIRECTION('',(-1.,0.,0.));
#3034=DIRECTION('',(0.,-1.,0.));
#3035=DIRECTION('center_axis',(0.,0.,-1.));
#3036=DIRECTION('ref_axis',(-1.,0.,0.));
#3037=DIRECTION('center_axis',(0.,0.,-1.));
#3038=DIRECTION('ref_axis',(-1.,0.,0.));
#3039=DIRECTION('center_axis',(0.,0.,1.));
#3040=DIRECTION('ref_axis',(1.,0.,0.));
#3041=DIRECTION('',(0.,1.,0.));
#3042=DIRECTION('',(-1.,0.,0.));
#3043=DIRECTION('center_axis',(0.,0.,-1.));
#3044=DIRECTION('ref_axis',(-1.,0.,0.));
#3045=DIRECTION('center_axis',(0.,0.,-1.));
#3046=DIRECTION('ref_axis',(-1.,0.,0.));
#3047=DIRECTION('center_axis',(0.,1.,0.));
#3048=DIRECTION('ref_axis',(-0.707106781186547,0.,-0.707106781186547));
#3049=DIRECTION('',(0.,-1.,0.));
#3050=DIRECTION('center_axis',(0.,1.,0.));
#3051=DIRECTION('ref_axis',(-0.707106781186547,0.,-0.707106781186547));
#3052=DIRECTION('center_axis',(0.,-1.,0.));
#3053=DIRECTION('ref_axis',(0.707106781186547,0.,-0.707106781186547));
#3054=DIRECTION('center_axis',(0.,1.,0.));
#3055=DIRECTION('ref_axis',(0.707106781186547,0.,-0.707106781186547));
#3056=DIRECTION('',(0.,1.,0.));
#3057=DIRECTION('center_axis',(0.,1.,0.));
#3058=DIRECTION('ref_axis',(-1.,0.,0.));
#3059=DIRECTION('',(0.,0.,-1.));
#3060=DIRECTION('',(-1.,0.,0.));
#3061=DIRECTION('',(0.,0.,1.));
#3062=DIRECTION('',(-1.,0.,8.54470818377239E-16));
#3063=DIRECTION('',(0.,0.,-1.));
#3064=DIRECTION('',(1.,0.,0.));
#3065=DIRECTION('center_axis',(0.,-1.,0.));
#3066=DIRECTION('ref_axis',(2.62416351275037E-15,0.,-1.));
#3067=DIRECTION('',(1.,0.,3.99936248063817E-15));
#3068=DIRECTION('center_axis',(0.,-1.,0.));
#3069=DIRECTION('ref_axis',(1.,0.,1.03957246851264E-14));
#3070=DIRECTION('',(-1.65157144159118E-14,0.,1.));
#3071=DIRECTION('center_axis',(0.,-1.,0.));
#3072=DIRECTION('ref_axis',(-2.1195166833753E-15,0.,1.));
#3073=DIRECTION('',(-1.,0.,-6.48305415839247E-15));
#3074=DIRECTION('center_axis',(0.,-1.,0.));
#3075=DIRECTION('ref_axis',(-1.,0.,5.04646829375072E-17));
#3076=DIRECTION('',(1.,0.,-6.02154860813644E-16));
#3077=DIRECTION('',(0.,0.,-1.));
#3078=DIRECTION('',(1.,0.,6.02154860813648E-16));
#3079=DIRECTION('',(0.,0.,1.));
#3080=DIRECTION('center_axis',(0.,0.,1.));
#3081=DIRECTION('ref_axis',(-1.,0.,0.));
#3082=DIRECTION('center_axis',(0.,0.,1.));
#3083=DIRECTION('ref_axis',(-1.,0.,0.));
#3084=DIRECTION('',(0.,0.,-1.));
#3085=DIRECTION('center_axis',(0.,0.,-1.));
#3086=DIRECTION('ref_axis',(-1.,0.,0.));
#3087=DIRECTION('center_axis',(0.,0.,1.));
#3088=DIRECTION('ref_axis',(-1.,0.,0.));
#3089=DIRECTION('center_axis',(0.,0.,1.));
#3090=DIRECTION('ref_axis',(-1.,0.,0.));
#3091=DIRECTION('center_axis',(0.,0.,1.));
#3092=DIRECTION('ref_axis',(-1.,0.,0.));
#3093=DIRECTION('',(0.,0.,-1.));
#3094=DIRECTION('center_axis',(0.,0.,-1.));
#3095=DIRECTION('ref_axis',(-1.,0.,0.));
#3096=DIRECTION('center_axis',(0.,0.,1.));
#3097=DIRECTION('ref_axis',(-1.,0.,0.));
#3098=DIRECTION('center_axis',(0.,0.,1.));
#3099=DIRECTION('ref_axis',(-1.,0.,0.));
#3100=DIRECTION('center_axis',(0.,0.,1.));
#3101=DIRECTION('ref_axis',(-1.,0.,0.));
#3102=DIRECTION('',(0.,0.,-1.));
#3103=DIRECTION('center_axis',(0.,0.,-1.));
#3104=DIRECTION('ref_axis',(-1.,0.,0.));
#3105=DIRECTION('center_axis',(0.,0.,1.));
#3106=DIRECTION('ref_axis',(-1.,0.,0.));
#3107=DIRECTION('center_axis',(0.,0.,1.));
#3108=DIRECTION('ref_axis',(-1.,0.,0.));
#3109=DIRECTION('center_axis',(0.,0.,1.));
#3110=DIRECTION('ref_axis',(-1.,0.,0.));
#3111=DIRECTION('',(0.,0.,-1.));
#3112=DIRECTION('center_axis',(0.,0.,-1.));
#3113=DIRECTION('ref_axis',(-1.,0.,0.));
#3114=DIRECTION('center_axis',(0.,0.,1.));
#3115=DIRECTION('ref_axis',(-1.,0.,0.));
#3116=DIRECTION('center_axis',(0.,0.,1.));
#3117=DIRECTION('ref_axis',(-1.,0.,0.));
#3118=DIRECTION('center_axis',(0.,0.,1.));
#3119=DIRECTION('ref_axis',(-1.,0.,0.));
#3120=DIRECTION('',(0.,0.,-1.));
#3121=DIRECTION('center_axis',(0.,0.,-1.));
#3122=DIRECTION('ref_axis',(-1.,0.,0.));
#3123=DIRECTION('center_axis',(0.,0.,1.));
#3124=DIRECTION('ref_axis',(-1.,0.,0.));
#3125=DIRECTION('center_axis',(0.,0.,1.));
#3126=DIRECTION('ref_axis',(-1.,0.,0.));
#3127=DIRECTION('',(0.,0.,-1.));
#3128=DIRECTION('center_axis',(0.,0.,-1.));
#3129=DIRECTION('ref_axis',(-1.,0.,0.));
#3130=DIRECTION('center_axis',(0.,0.,1.));
#3131=DIRECTION('ref_axis',(-1.,0.,0.));
#3132=DIRECTION('center_axis',(0.,0.,1.));
#3133=DIRECTION('ref_axis',(-1.,0.,0.));
#3134=DIRECTION('',(0.,0.,-1.));
#3135=DIRECTION('center_axis',(0.,0.,-1.));
#3136=DIRECTION('ref_axis',(-1.,0.,0.));
#3137=DIRECTION('center_axis',(0.,0.,1.));
#3138=DIRECTION('ref_axis',(-1.,0.,0.));
#3139=DIRECTION('center_axis',(0.,0.,1.));
#3140=DIRECTION('ref_axis',(-1.,0.,0.));
#3141=DIRECTION('',(0.,0.,-1.));
#3142=DIRECTION('center_axis',(0.,0.,-1.));
#3143=DIRECTION('ref_axis',(-1.,0.,0.));
#3144=DIRECTION('center_axis',(0.,0.,1.));
#3145=DIRECTION('ref_axis',(1.,0.,0.));
#3146=DIRECTION('',(0.,1.,0.));
#3147=DIRECTION('',(0.,-1.,0.));
#3148=DIRECTION('',(0.,1.,0.));
#3149=DIRECTION('',(0.,-1.,0.));
#3150=DIRECTION('center_axis',(-4.2578778540577E-16,-0.707106781186548,
-0.707106781186548));
#3151=DIRECTION('ref_axis',(-1.,6.02154860813644E-16,0.));
#3152=DIRECTION('',(0.577350269189625,-0.577350269189626,0.577350269189626));
#3153=DIRECTION('',(-1.,6.02154860813644E-16,0.));
#3154=DIRECTION('',(-0.577350269189626,-0.577350269189625,0.577350269189626));
#3155=DIRECTION('center_axis',(0.,-0.707106781186548,0.707106781186548));
#3156=DIRECTION('ref_axis',(-1.,0.,0.));
#3157=DIRECTION('',(-0.577350269189626,0.577350269189626,0.577350269189626));
#3158=DIRECTION('',(1.,0.,0.));
#3159=DIRECTION('',(0.577350269189626,0.577350269189626,0.577350269189626));
#3160=DIRECTION('center_axis',(0.707106781186548,0.,-0.707106781186548));
#3161=DIRECTION('ref_axis',(0.,-1.,0.));
#3162=DIRECTION('',(0.,1.,0.));
#3163=DIRECTION('',(0.577350269189626,0.577350269189626,0.577350269189626));
#3164=DIRECTION('',(0.,-1.,0.));
#3165=DIRECTION('',(0.577350269189626,-0.577350269189626,0.577350269189626));
#3166=DIRECTION('center_axis',(-1.,0.,0.));
#3167=DIRECTION('ref_axis',(0.,-1.,0.));
#3168=DIRECTION('',(0.,0.,-1.));
#3169=DIRECTION('',(0.,1.,0.));
#3170=DIRECTION('',(0.,0.,1.));
#3171=DIRECTION('center_axis',(0.707106781186548,0.,0.707106781186548));
#3172=DIRECTION('ref_axis',(0.,-1.,0.));
#3173=DIRECTION('',(0.,-1.,0.));
#3174=DIRECTION('',(-0.577350269189626,-0.577350269189626,0.577350269189626));
#3175=DIRECTION('',(0.,1.,0.));
#3176=DIRECTION('',(-0.577350269189626,0.577350269189626,0.577350269189626));
#3177=DIRECTION('center_axis',(1.,0.,0.));
#3178=DIRECTION('ref_axis',(0.,1.,0.));
#3179=DIRECTION('',(0.,0.,-1.));
#3180=DIRECTION('',(0.,-1.,0.));
#3181=DIRECTION('',(0.,0.,1.));
#3182=DIRECTION('center_axis',(-0.707106781186548,-0.707106781186547,0.));
#3183=DIRECTION('ref_axis',(0.,0.,1.));
#3184=DIRECTION('',(-0.577350269189624,0.577350269189625,0.577350269189628));
#3185=DIRECTION('center_axis',(-4.25787785405771E-16,-0.70710678118655,
0.707106781186545));
#3186=DIRECTION('ref_axis',(1.,-6.02154860813644E-16,0.));
#3187=DIRECTION('',(0.577350269189625,0.577350269189624,0.577350269189628));
#3188=DIRECTION('center_axis',(0.707106781186547,-0.707106781186548,0.));
#3189=DIRECTION('ref_axis',(0.,0.,-1.));
#3190=DIRECTION('center_axis',(0.707106781186548,-0.707106781186548,0.));
#3191=DIRECTION('ref_axis',(0.,0.,1.));
#3192=DIRECTION('',(-0.577350269189625,-0.577350269189625,0.577350269189628));
#3193=DIRECTION('center_axis',(0.,-0.70710678118655,-0.707106781186545));
#3194=DIRECTION('ref_axis',(1.,0.,0.));
#3195=DIRECTION('',(0.577350269189625,-0.577350269189625,0.577350269189628));
#3196=DIRECTION('center_axis',(-0.707106781186548,-0.707106781186548,0.));
#3197=DIRECTION('ref_axis',(0.,0.,-1.));
#3198=DIRECTION('center_axis',(0.707106781186548,-0.707106781186548,0.));
#3199=DIRECTION('ref_axis',(0.,0.,1.));
#3200=DIRECTION('',(-0.577350269189626,-0.577350269189626,0.577350269189625));
#3201=DIRECTION('center_axis',(0.707106781186547,0.,0.707106781186548));
#3202=DIRECTION('ref_axis',(0.,1.,0.));
#3203=DIRECTION('',(-0.577350269189626,0.577350269189626,0.577350269189625));
#3204=DIRECTION('center_axis',(0.707106781186548,0.707106781186548,0.));
#3205=DIRECTION('ref_axis',(0.,0.,-1.));
#3206=DIRECTION('center_axis',(0.707106781186548,0.707106781186548,0.));
#3207=DIRECTION('ref_axis',(0.,0.,1.));
#3208=DIRECTION('',(0.577350269189626,-0.577350269189626,0.577350269189625));
#3209=DIRECTION('center_axis',(0.707106781186547,0.,-0.707106781186548));
#3210=DIRECTION('ref_axis',(0.,1.,0.));
#3211=DIRECTION('',(0.577350269189626,0.577350269189626,0.577350269189625));
#3212=DIRECTION('center_axis',(0.707106781186548,-0.707106781186548,0.));
#3213=DIRECTION('ref_axis',(0.,0.,-1.));
#3214=DIRECTION('center_axis',(0.,1.,0.));
#3215=DIRECTION('ref_axis',(-0.707106781186547,0.,-0.707106781186547));
#3216=DIRECTION('',(0.,1.,0.));
#3217=DIRECTION('center_axis',(0.,-1.,0.));
#3218=DIRECTION('ref_axis',(0.707106781186547,0.,-0.707106781186547));
#3219=DIRECTION('',(0.,-1.,0.));
#3220=DIRECTION('center_axis',(8.54470818377239E-16,0.,1.));
#3221=DIRECTION('ref_axis',(-1.,0.,8.54470818377239E-16));
#3222=DIRECTION('',(0.,1.,0.));
#3223=DIRECTION('',(-1.,0.,8.54470818377239E-16));
#3224=DIRECTION('',(0.,-1.,0.));
#3225=DIRECTION('center_axis',(-1.,0.,0.));
#3226=DIRECTION('ref_axis',(0.,0.,-1.));
#3227=DIRECTION('',(0.,0.,-1.));
#3228=DIRECTION('',(0.,-1.,0.));
#3229=DIRECTION('center_axis',(0.,0.,-1.));
#3230=DIRECTION('ref_axis',(1.,0.,0.));
#3231=DIRECTION('',(0.,-1.,0.));
#3232=DIRECTION('',(1.,0.,0.));
#3233=DIRECTION('center_axis',(0.,-1.,0.));
#3234=DIRECTION('ref_axis',(0.,0.,-1.));
#3235=DIRECTION('center_axis',(0.,1.,0.));
#3236=DIRECTION('ref_axis',(-1.,0.,5.04646829375072E-17));
#3237=DIRECTION('',(-9.17539689772856E-16,0.,1.));
#3238=DIRECTION('center_axis',(0.,1.,0.));
#3239=DIRECTION('ref_axis',(2.62416351275037E-15,0.,-1.));
#3240=DIRECTION('center_axis',(1.65157144159118E-14,-4.97250885767563E-30,
-1.));
#3241=DIRECTION('ref_axis',(-0.707106781186555,-0.70710678118654,-1.17756934401284E-14));
#3242=DIRECTION('center_axis',(1.6375789613221E-14,0.,-1.));
#3243=DIRECTION('ref_axis',(0.,-1.,0.));
#3244=DIRECTION('',(1.65157144159118E-14,-4.97250885767563E-30,-1.));
#3245=DIRECTION('center_axis',(-1.66533453693773E-14,0.,1.));
#3246=DIRECTION('ref_axis',(-1.,0.,-1.66533453693773E-14));
#3247=DIRECTION('center_axis',(3.01077430406822E-16,1.,0.));
#3248=DIRECTION('ref_axis',(0.,0.,1.));
#3249=DIRECTION('center_axis',(1.,0.,0.));
#3250=DIRECTION('ref_axis',(0.,0.,1.));
#3251=DIRECTION('center_axis',(3.01077430406822E-16,1.,0.));
#3252=DIRECTION('ref_axis',(0.707106781186551,-2.01858731750028E-16,-0.707106781186544));
#3253=DIRECTION('center_axis',(-1.,3.01077430406822E-16,-3.99936248063817E-15));
#3254=DIRECTION('ref_axis',(0.,-0.707106781186554,0.707106781186541));
#3255=DIRECTION('center_axis',(1.,0.,5.55111512312578E-15));
#3256=DIRECTION('ref_axis',(-5.55111512312578E-15,0.,1.));
#3257=DIRECTION('',(-1.,3.01077430406822E-16,-3.99936248063817E-15));
#3258=DIRECTION('center_axis',(3.01077430406822E-16,1.,0.));
#3259=DIRECTION('ref_axis',(0.,0.,1.));
#3260=DIRECTION('center_axis',(-1.66533453693773E-15,0.,-1.));
#3261=DIRECTION('ref_axis',(1.,0.,-1.66533453693773E-15));
#3262=DIRECTION('center_axis',(3.01077430406822E-16,1.,0.));
#3263=DIRECTION('ref_axis',(-0.707106781186547,2.01858731750029E-16,-0.707106781186548));
#3264=DIRECTION('center_axis',(-9.17539689772856E-16,2.76250492093084E-31,
1.));
#3265=DIRECTION('ref_axis',(0.707106781186543,-0.707106781186552,7.85046229341882E-16));
#3266=DIRECTION('center_axis',(8.32667268468867E-16,0.,-1.));
#3267=DIRECTION('ref_axis',(1.,0.,8.32667268468867E-16));
#3268=DIRECTION('',(-9.17539689772856E-16,2.76250492093084E-31,1.));
#3269=DIRECTION('center_axis',(3.01077430406822E-16,1.,0.));
#3270=DIRECTION('ref_axis',(0.,0.,1.));
#3271=DIRECTION('center_axis',(-1.,0.,-8.88178419700125E-15));
#3272=DIRECTION('ref_axis',(8.88178419700125E-15,0.,-1.));
#3273=DIRECTION('center_axis',(3.01077430406822E-16,1.,0.));
#3274=DIRECTION('ref_axis',(-0.707106781186551,2.01858731750029E-16,0.707106781186544));
#3275=DIRECTION('center_axis',(1.,-3.01077430406822E-16,6.48305415839247E-15));
#3276=DIRECTION('ref_axis',(6.28036983473517E-15,-0.70710678118654,-0.707106781186555));
#3277=DIRECTION('center_axis',(-1.,0.,-3.33066907387537E-15));
#3278=DIRECTION('ref_axis',(3.33066907387537E-15,0.,-1.));
#3279=DIRECTION('',(1.,-3.01077430406822E-16,6.48305415839247E-15));
#3280=DIRECTION('center_axis',(3.01077430406822E-16,1.,0.));
#3281=DIRECTION('ref_axis',(0.,0.,1.));
#3282=DIRECTION('center_axis',(3.01077430406822E-16,1.,0.));
#3283=DIRECTION('ref_axis',(0.707106781186545,-2.01858731750028E-16,0.70710678118655));
#3284=DIRECTION('center_axis',(0.,-1.,0.));
#3285=DIRECTION('ref_axis',(2.62416351275037E-15,0.,-1.));
#3286=DIRECTION('',(0.,-1.,0.));
#3287=DIRECTION('',(0.,-1.,0.));
#3288=DIRECTION('center_axis',(3.99936248063817E-15,0.,-1.));
#3289=DIRECTION('ref_axis',(1.,0.,3.99936248063817E-15));
#3290=DIRECTION('',(0.,-1.,0.));
#3291=DIRECTION('center_axis',(0.,-1.,0.));
#3292=DIRECTION('ref_axis',(1.,0.,1.03957246851264E-14));
#3293=DIRECTION('',(0.,-1.,0.));
#3294=DIRECTION('center_axis',(1.,0.,1.65157144159118E-14));
#3295=DIRECTION('ref_axis',(-1.65157144159118E-14,0.,1.));
#3296=DIRECTION('',(0.,-1.,0.));
#3297=DIRECTION('center_axis',(-1.,0.,-9.17539689772856E-16));
#3298=DIRECTION('ref_axis',(9.17539689772856E-16,0.,-1.));
#3299=DIRECTION('',(0.,-1.,0.));
#3300=DIRECTION('center_axis',(0.,-1.,0.));
#3301=DIRECTION('ref_axis',(-1.,0.,5.04646829375072E-17));
#3302=DIRECTION('',(0.,-1.,0.));
#3303=DIRECTION('center_axis',(-6.48305415839247E-15,0.,1.));
#3304=DIRECTION('ref_axis',(-1.,0.,-6.48305415839247E-15));
#3305=DIRECTION('',(0.,-1.,0.));
#3306=DIRECTION('center_axis',(0.,-1.,0.));
#3307=DIRECTION('ref_axis',(-2.1195166833753E-15,0.,1.));
#3308=DIRECTION('center_axis',(-1.,0.,0.));
#3309=DIRECTION('ref_axis',(0.,-1.,0.));
#3310=DIRECTION('center_axis',(1.,0.,0.));
#3311=DIRECTION('ref_axis',(0.,1.,0.));
#3312=DIRECTION('center_axis',(0.,0.,1.));
#3313=DIRECTION('ref_axis',(1.,0.,0.));
#3314=DIRECTION('',(0.917208983519311,-0.398406426343091,0.));
#3315=DIRECTION('',(-0.00899313837083821,0.999959560913462,0.));
#3316=DIRECTION('',(-0.795485115605891,0.605973127167766,0.));
#3317=DIRECTION('',(0.00371021714556106,-0.999993117120679,0.));
#3318=DIRECTION('',(-0.901509356687587,-0.432759609719684,0.));
#3319=DIRECTION('',(0.00585151719353414,-0.999982879726715,0.));
#3320=DIRECTION('',(0.924993389780115,0.379983195500921,0.));
#3321=DIRECTION('',(0.00309097868767891,0.999995222913966,0.));
#3322=DIRECTION('',(-0.901323459771311,0.433146650530596,0.));
#3323=DIRECTION('',(-0.00596678775674102,-0.999982198563487,0.));
#3324=DIRECTION('',(-0.938213452500812,0.346057101569246,0.));
#3325=DIRECTION('',(0.801471123325178,-0.598033476049524,0.));
#3326=DIRECTION('',(0.00422066967092458,0.999991092934096,0.));
#3327=DIRECTION('center_axis',(-0.398406426343091,-0.917208983519311,0.));
#3328=DIRECTION('ref_axis',(0.,0.,-1.));
#3329=DIRECTION('',(0.,0.,1.));
#3330=DIRECTION('',(0.917208983519311,-0.398406426343091,0.));
#3331=DIRECTION('',(0.,0.,1.));
#3332=DIRECTION('',(0.,0.,1.));
#3333=DIRECTION('center_axis',(0.999959560913462,0.00899313837083821,0.));
#3334=DIRECTION('ref_axis',(0.,0.,-1.));
#3335=DIRECTION('',(-0.00899313837083821,0.999959560913462,0.));
#3336=DIRECTION('',(0.,0.,1.));
#3337=DIRECTION('center_axis',(0.605973127167766,0.795485115605892,0.));
#3338=DIRECTION('ref_axis',(0.,0.,-1.));
#3339=DIRECTION('',(-0.795485115605892,0.605973127167766,0.));
#3340=DIRECTION('',(0.,0.,1.));
#3341=DIRECTION('center_axis',(-0.999993117120679,-0.00371021714556106,
0.));
#3342=DIRECTION('ref_axis',(0.,0.,1.));
#3343=DIRECTION('',(0.00371021714556106,-0.999993117120679,0.));
#3344=DIRECTION('',(0.,0.,1.));
#3345=DIRECTION('center_axis',(-0.432759609719684,0.901509356687587,0.));
#3346=DIRECTION('ref_axis',(0.,0.,1.));
#3347=DIRECTION('',(-0.901509356687587,-0.432759609719684,0.));
#3348=DIRECTION('',(0.,0.,1.));
#3349=DIRECTION('center_axis',(-0.999982879726715,-0.00585151719353414,
0.));
#3350=DIRECTION('ref_axis',(0.,0.,1.));
#3351=DIRECTION('',(0.00585151719353414,-0.999982879726715,0.));
#3352=DIRECTION('',(0.,0.,1.));
#3353=DIRECTION('center_axis',(0.379983195500921,-0.924993389780116,0.));
#3354=DIRECTION('ref_axis',(0.,0.,-1.));
#3355=DIRECTION('',(0.924993389780115,0.379983195500921,0.));
#3356=DIRECTION('',(0.,0.,1.));
#3357=DIRECTION('center_axis',(0.999995222913966,-0.00309097868767891,0.));
#3358=DIRECTION('ref_axis',(0.,0.,-1.));
#3359=DIRECTION('',(0.00309097868767891,0.999995222913966,0.));
#3360=DIRECTION('',(0.,0.,1.));
#3361=DIRECTION('center_axis',(0.433146650530596,0.901323459771311,0.));
#3362=DIRECTION('ref_axis',(0.,0.,1.));
#3363=DIRECTION('',(-0.901323459771311,0.433146650530596,0.));
#3364=DIRECTION('',(0.,0.,1.));
#3365=DIRECTION('center_axis',(-0.999982198563487,0.00596678775674102,0.));
#3366=DIRECTION('ref_axis',(0.,0.,1.));
#3367=DIRECTION('',(-0.00596678775674102,-0.999982198563487,0.));
#3368=DIRECTION('',(0.,0.,1.));
#3369=DIRECTION('center_axis',(0.346057101569246,0.938213452500812,0.));
#3370=DIRECTION('ref_axis',(0.,0.,1.));
#3371=DIRECTION('',(-0.938213452500812,0.346057101569246,0.));
#3372=DIRECTION('',(0.,0.,1.));
#3373=DIRECTION('center_axis',(-0.598033476049524,-0.801471123325178,0.));
#3374=DIRECTION('ref_axis',(0.,0.,1.));
#3375=DIRECTION('',(0.801471123325178,-0.598033476049524,0.));
#3376=DIRECTION('',(0.,0.,1.));
#3377=DIRECTION('center_axis',(0.999991092934097,-0.00422066967092458,0.));
#3378=DIRECTION('ref_axis',(0.,0.,-1.));
#3379=DIRECTION('',(0.00422066967092458,0.999991092934097,0.));
#3380=DIRECTION('center_axis',(0.,0.,1.));
#3381=DIRECTION('ref_axis',(1.,0.,0.));
#3382=DIRECTION('center_axis',(0.,0.,1.));
#3383=DIRECTION('ref_axis',(1.,0.,0.));
#3384=DIRECTION('',(0.,0.,1.));
#3385=DIRECTION('center_axis',(0.,0.,1.));
#3386=DIRECTION('ref_axis',(1.,0.,0.));
#3387=DIRECTION('center_axis',(0.,0.,-1.));
#3388=DIRECTION('ref_axis',(1.,0.,0.));
#3389=DIRECTION('center_axis',(0.,0.,1.));
#3390=DIRECTION('ref_axis',(1.,0.,0.));
#3391=DIRECTION('center_axis',(0.,0.,1.));
#3392=DIRECTION('ref_axis',(1.,0.,0.));
#3393=DIRECTION('',(0.,0.,1.));
#3394=DIRECTION('center_axis',(0.,0.,1.));
#3395=DIRECTION('ref_axis',(1.,0.,0.));
#3396=DIRECTION('center_axis',(0.,0.,-1.));
#3397=DIRECTION('ref_axis',(1.,0.,0.));
#3398=DIRECTION('center_axis',(0.,0.,1.));
#3399=DIRECTION('ref_axis',(1.,0.,0.));
#3400=DIRECTION('center_axis',(0.,0.,1.));
#3401=DIRECTION('ref_axis',(1.,0.,0.));
#3402=DIRECTION('',(0.,0.,1.));
#3403=DIRECTION('center_axis',(0.,0.,1.));
#3404=DIRECTION('ref_axis',(1.,0.,0.));
#3405=DIRECTION('center_axis',(0.,0.,-1.));
#3406=DIRECTION('ref_axis',(1.,0.,0.));
#3407=DIRECTION('center_axis',(0.,0.,1.));
#3408=DIRECTION('ref_axis',(1.,0.,0.));
#3409=DIRECTION('center_axis',(0.,0.,1.));
#3410=DIRECTION('ref_axis',(1.,0.,0.));
#3411=DIRECTION('',(0.,0.,1.));
#3412=DIRECTION('center_axis',(0.,0.,1.));
#3413=DIRECTION('ref_axis',(1.,0.,0.));
#3414=DIRECTION('center_axis',(0.,0.,-1.));
#3415=DIRECTION('ref_axis',(1.,0.,0.));
#3416=DIRECTION('center_axis',(0.,0.,-1.));
#3417=DIRECTION('ref_axis',(1.,0.,0.));
#3418=DIRECTION('center_axis',(0.,0.,-1.));
#3419=DIRECTION('ref_axis',(1.,0.,0.));
#3420=DIRECTION('',(0.,0.,1.));
#3421=DIRECTION('center_axis',(0.,0.,1.));
#3422=DIRECTION('ref_axis',(1.,0.,0.));
#3423=DIRECTION('center_axis',(0.,0.,1.));
#3424=DIRECTION('ref_axis',(1.,0.,0.));
#3425=DIRECTION('center_axis',(0.,0.,-1.));
#3426=DIRECTION('ref_axis',(1.,0.,0.));
#3427=DIRECTION('center_axis',(0.,0.,-1.));
#3428=DIRECTION('ref_axis',(1.,0.,0.));
#3429=DIRECTION('',(0.,0.,1.));
#3430=DIRECTION('center_axis',(0.,0.,1.));
#3431=DIRECTION('ref_axis',(1.,0.,0.));
#3432=DIRECTION('center_axis',(0.,0.,1.));
#3433=DIRECTION('ref_axis',(1.,0.,0.));
#3434=DIRECTION('center_axis',(0.,0.,-1.));
#3435=DIRECTION('ref_axis',(1.,0.,0.));
#3436=DIRECTION('center_axis',(0.,0.,-1.));
#3437=DIRECTION('ref_axis',(1.,0.,0.));
#3438=DIRECTION('',(0.,0.,1.));
#3439=DIRECTION('center_axis',(0.,0.,1.));
#3440=DIRECTION('ref_axis',(1.,0.,0.));
#3441=DIRECTION('center_axis',(0.,0.,1.));
#3442=DIRECTION('ref_axis',(1.,0.,0.));
#3443=DIRECTION('center_axis',(0.,0.,-1.));
#3444=DIRECTION('ref_axis',(1.,0.,0.));
#3445=DIRECTION('center_axis',(0.,0.,-1.));
#3446=DIRECTION('ref_axis',(1.,0.,0.));
#3447=DIRECTION('',(0.,0.,1.));
#3448=DIRECTION('center_axis',(0.,0.,1.));
#3449=DIRECTION('ref_axis',(1.,0.,0.));
#3450=DIRECTION('center_axis',(0.,0.,1.));
#3451=DIRECTION('ref_axis',(1.,0.,0.));
#3452=DIRECTION('center_axis',(-0.707106781186548,-0.707106781186547,0.));
#3453=DIRECTION('ref_axis',(0.,0.,1.));
#3454=DIRECTION('',(-0.577350269189625,0.577350269189626,-0.577350269189626));
#3455=DIRECTION('',(-0.577350269189624,0.577350269189625,0.577350269189628));
#3456=DIRECTION('',(0.,0.,-1.));
#3457=DIRECTION('center_axis',(-4.25787785405771E-16,-0.70710678118655,
0.707106781186545));
#3458=DIRECTION('ref_axis',(1.,-6.02154860813644E-16,0.));
#3459=DIRECTION('',(0.577350269189625,0.577350269189624,0.577350269189628));
#3460=DIRECTION('',(1.,0.,0.));
#3461=DIRECTION('',(1.,-6.02154860813644E-16,0.));
#3462=DIRECTION('center_axis',(0.707106781186547,-0.707106781186548,0.));
#3463=DIRECTION('ref_axis',(0.,0.,-1.));
#3464=DIRECTION('',(0.577350269189626,0.577350269189625,-0.577350269189626));
#3465=DIRECTION('',(0.,0.,1.));
#3466=DIRECTION('center_axis',(-4.2578778540577E-16,-0.707106781186548,
-0.707106781186548));
#3467=DIRECTION('ref_axis',(-1.,6.02154860813644E-16,0.));
#3468=DIRECTION('',(1.,0.,0.));
#3469=DIRECTION('center_axis',(0.707106781186548,-0.707106781186548,0.));
#3470=DIRECTION('ref_axis',(0.,0.,1.));
#3471=DIRECTION('',(-0.577350269189626,-0.577350269189626,-0.577350269189626));
#3472=DIRECTION('',(0.,0.,1.));
#3473=DIRECTION('',(-0.577350269189625,-0.577350269189625,0.577350269189628));
#3474=DIRECTION('center_axis',(0.,-0.70710678118655,-0.707106781186545));
#3475=DIRECTION('ref_axis',(1.,0.,0.));
#3476=DIRECTION('',(0.577350269189625,-0.577350269189625,0.577350269189628));
#3477=DIRECTION('',(1.,0.,0.));
#3478=DIRECTION('',(-1.,0.,0.));
#3479=DIRECTION('center_axis',(-0.707106781186548,-0.707106781186548,0.));
#3480=DIRECTION('ref_axis',(0.,0.,-1.));
#3481=DIRECTION('',(0.,0.,-1.));
#3482=DIRECTION('',(0.577350269189626,-0.577350269189626,-0.577350269189626));
#3483=DIRECTION('center_axis',(0.,-0.707106781186548,0.707106781186548));
#3484=DIRECTION('ref_axis',(-1.,0.,0.));
#3485=DIRECTION('',(-1.,0.,0.));
#3486=DIRECTION('center_axis',(0.707106781186548,-0.707106781186548,0.));
#3487=DIRECTION('ref_axis',(0.,0.,1.));
#3488=DIRECTION('',(-0.577350269189626,-0.577350269189626,-0.577350269189626));
#3489=DIRECTION('',(-0.577350269189626,-0.577350269189626,0.577350269189625));
#3490=DIRECTION('',(0.,0.,-1.));
#3491=DIRECTION('center_axis',(0.707106781186547,0.,0.707106781186548));
#3492=DIRECTION('ref_axis',(0.,1.,0.));
#3493=DIRECTION('',(-0.577350269189626,0.577350269189626,0.577350269189625));
#3494=DIRECTION('',(0.,1.,0.));
#3495=DIRECTION('',(0.,1.,0.));
#3496=DIRECTION('center_axis',(0.707106781186548,0.707106781186548,0.));
#3497=DIRECTION('ref_axis',(0.,0.,-1.));
#3498=DIRECTION('',(-0.577350269189626,0.577350269189626,-0.577350269189626));
#3499=DIRECTION('',(0.,0.,1.));
#3500=DIRECTION('center_axis',(0.707106781186548,0.,-0.707106781186548));
#3501=DIRECTION('ref_axis',(0.,-1.,0.));
#3502=DIRECTION('',(0.,1.,0.));
#3503=DIRECTION('center_axis',(0.707106781186548,0.707106781186548,0.));
#3504=DIRECTION('ref_axis',(0.,0.,1.));
#3505=DIRECTION('',(0.577350269189626,-0.577350269189626,-0.577350269189626));
#3506=DIRECTION('',(0.,0.,1.));
#3507=DIRECTION('',(0.577350269189626,-0.577350269189626,0.577350269189625));
#3508=DIRECTION('center_axis',(0.707106781186547,0.,-0.707106781186548));
#3509=DIRECTION('ref_axis',(0.,1.,0.));
#3510=DIRECTION('',(0.577350269189626,0.577350269189626,0.577350269189625));
#3511=DIRECTION('',(0.,1.,0.));
#3512=DIRECTION('',(0.,-1.,0.));
#3513=DIRECTION('center_axis',(0.707106781186548,-0.707106781186548,0.));
#3514=DIRECTION('ref_axis',(0.,0.,-1.));
#3515=DIRECTION('',(0.,0.,-1.));
#3516=DIRECTION('',(0.577350269189626,0.577350269189626,-0.577350269189626));
#3517=DIRECTION('center_axis',(0.707106781186548,0.,0.707106781186548));
#3518=DIRECTION('ref_axis',(0.,-1.,0.));
#3519=DIRECTION('',(0.,-1.,0.));
#3520=DIRECTION('center_axis',(1.,0.,0.));
#3521=DIRECTION('ref_axis',(0.,1.,0.));
#3522=DIRECTION('',(0.,1.,0.));
#3523=DIRECTION('',(0.,0.,1.));
#3524=DIRECTION('',(0.,1.,0.));
#3525=DIRECTION('center_axis',(0.,-1.,0.));
#3526=DIRECTION('ref_axis',(1.,0.,0.));
#3527=DIRECTION('',(1.,0.,0.));
#3528=DIRECTION('',(0.,0.,1.));
#3529=DIRECTION('',(1.,0.,0.));
#3530=DIRECTION('center_axis',(0.,-1.,0.));
#3531=DIRECTION('ref_axis',(1.,0.,0.));
#3532=DIRECTION('',(1.,0.,0.));
#3533=DIRECTION('',(0.,0.,1.));
#3534=DIRECTION('',(1.,0.,0.));
#3535=DIRECTION('center_axis',(0.,1.,0.));
#3536=DIRECTION('ref_axis',(-1.,0.,0.));
#3537=DIRECTION('',(-1.,0.,0.));
#3538=DIRECTION('',(0.,0.,1.));
#3539=DIRECTION('',(-1.,0.,0.));
#3540=DIRECTION('center_axis',(0.,1.,0.));
#3541=DIRECTION('ref_axis',(-1.,0.,0.));
#3542=DIRECTION('',(-1.,0.,0.));
#3543=DIRECTION('',(-1.,0.,0.));
#3544=DIRECTION('center_axis',(-1.,0.,0.));
#3545=DIRECTION('ref_axis',(0.,-1.,0.));
#3546=DIRECTION('',(0.,-1.,0.));
#3547=DIRECTION('',(0.,-1.,0.));
#3548=DIRECTION('center_axis',(-1.,0.,0.));
#3549=DIRECTION('ref_axis',(0.,-1.,0.));
#3550=DIRECTION('',(0.,-1.,0.));
#3551=DIRECTION('',(0.,-1.,0.));
#3552=DIRECTION('center_axis',(0.,-0.707106781186547,0.707106781186548));
#3553=DIRECTION('ref_axis',(1.,0.,0.));
#3554=DIRECTION('',(-1.,0.,0.));
#3555=DIRECTION('',(0.577350269189626,-0.577350269189626,-0.577350269189625));
#3556=DIRECTION('',(1.,0.,0.));
#3557=DIRECTION('',(-0.577350269189626,-0.577350269189626,-0.577350269189625));
#3558=DIRECTION('center_axis',(0.707106781186547,0.,0.707106781186548));
#3559=DIRECTION('ref_axis',(0.707106781186548,0.,-0.707106781186547));
#3560=DIRECTION('',(0.,-1.,0.));
#3561=DIRECTION('',(0.577350269189626,0.577350269189626,-0.577350269189625));
#3562=DIRECTION('',(0.,1.,0.));
#3563=DIRECTION('center_axis',(0.,0.707106781186547,0.707106781186548));
#3564=DIRECTION('ref_axis',(1.,0.,0.));
#3565=DIRECTION('',(1.,0.,0.));
#3566=DIRECTION('',(-0.577350269189626,0.577350269189626,-0.577350269189625));
#3567=DIRECTION('',(-1.,0.,0.));
#3568=DIRECTION('center_axis',(-0.707106781186547,0.,0.707106781186548));
#3569=DIRECTION('ref_axis',(0.707106781186548,0.,0.707106781186547));
#3570=DIRECTION('',(0.,-1.,0.));
#3571=DIRECTION('',(0.,1.,0.));
#3572=DIRECTION('center_axis',(0.,0.,1.));
#3573=DIRECTION('ref_axis',(1.,0.,0.));
#3574=DIRECTION('',(0.,1.,0.));
#3575=DIRECTION('center_axis',(1.,0.,0.));
#3576=DIRECTION('ref_axis',(0.,1.,0.));
#3577=DIRECTION('',(0.,1.,0.));
#3578=DIRECTION('center_axis',(0.,0.,1.));
#3579=DIRECTION('ref_axis',(-1.,0.,0.));
#3580=DIRECTION('center_axis',(0.,1.,0.));
#3581=DIRECTION('ref_axis',(0.923879532511281,0.,0.382683432365103));
#3582=DIRECTION('center_axis',(-3.01077430406822E-16,-1.,0.));
#3583=DIRECTION('ref_axis',(0.923879532511281,0.,0.382683432365103));
#3584=DIRECTION('',(0.,-1.,0.));
#3585=DIRECTION('center_axis',(0.,1.,0.));
#3586=DIRECTION('ref_axis',(0.923879532511281,0.,0.382683432365103));
#3587=DIRECTION('',(0.,1.,0.));
#3588=DIRECTION('center_axis',(0.707106781186548,0.,-0.707106781186547));
#3589=DIRECTION('ref_axis',(-0.707106781186547,0.,-0.707106781186548));
#3590=DIRECTION('',(0.707106781186547,0.,0.707106781186548));
#3591=DIRECTION('',(0.,1.,0.));
#3592=DIRECTION('',(0.707106781186547,-2.12893892702885E-16,0.707106781186548));
#3593=DIRECTION('center_axis',(0.,-1.,0.));
#3594=DIRECTION('ref_axis',(1.,0.,0.));
#3595=DIRECTION('',(1.,0.,8.202284685191E-17));
#3596=DIRECTION('center_axis',(0.,1.,0.));
#3597=DIRECTION('ref_axis',(-0.923879532511288,0.,0.382683432365086));
#3598=DIRECTION('',(-0.707106781186548,0.,0.707106781186547));
#3599=DIRECTION('',(1.,0.,0.));
#3600=DIRECTION('center_axis',(0.,-1.,0.));
#3601=DIRECTION('ref_axis',(0.,0.,1.));
#3602=DIRECTION('',(0.,0.,-1.));
#3603=DIRECTION('center_axis',(0.,-1.,0.));
#3604=DIRECTION('ref_axis',(-1.,0.,0.));
#3605=DIRECTION('',(1.,0.,0.));
#3606=DIRECTION('center_axis',(0.,-1.,0.));
#3607=DIRECTION('ref_axis',(0.86602540378444,0.,-0.499999999999999));
#3608=DIRECTION('',(-0.499999999999999,0.,-0.866025403784439));
#3609=DIRECTION('center_axis',(0.,-1.,0.));
#3610=DIRECTION('ref_axis',(-0.866025403784439,0.,0.5));
#3611=DIRECTION('',(-0.86602540378444,0.,0.499999999999998));
#3612=DIRECTION('center_axis',(0.,-1.,0.));
#3613=DIRECTION('ref_axis',(-0.499999999999998,0.,-0.86602540378444));
#3614=DIRECTION('',(-0.499999999999999,0.,-0.866025403784439));
#3615=DIRECTION('center_axis',(0.,-1.,0.));
#3616=DIRECTION('ref_axis',(0.866025403784439,0.,-0.499999999999999));
#3617=DIRECTION('',(1.,0.,0.));
#3618=DIRECTION('center_axis',(0.,1.,0.));
#3619=DIRECTION('ref_axis',(-0.923879532511288,0.,0.382683432365086));
#3620=DIRECTION('center_axis',(-3.01077430406822E-16,-1.,0.));
#3621=DIRECTION('ref_axis',(-0.923879532511288,0.,0.382683432365086));
#3622=DIRECTION('',(0.,-1.,0.));
#3623=DIRECTION('',(0.,1.,0.));
#3624=DIRECTION('center_axis',(-0.707106781186547,0.,-0.707106781186548));
#3625=DIRECTION('ref_axis',(-0.707106781186548,0.,0.707106781186547));
#3626=DIRECTION('',(0.707106781186548,-2.12893892702885E-16,-0.707106781186547));
#3627=DIRECTION('',(0.,1.,0.));
#3628=DIRECTION('center_axis',(-0.866025403784439,0.,0.499999999999999));
#3629=DIRECTION('ref_axis',(0.499999999999999,0.,0.866025403784439));
#3630=DIRECTION('',(-0.499999999999999,1.50538715203411E-16,-0.866025403784439));
#3631=DIRECTION('',(0.,1.,0.));
#3632=DIRECTION('',(0.,1.,0.));
#3633=DIRECTION('center_axis',(0.,1.,0.));
#3634=DIRECTION('ref_axis',(-0.866025403784439,0.,0.5));
#3635=DIRECTION('center_axis',(-3.01077430406822E-16,-1.,0.));
#3636=DIRECTION('ref_axis',(-0.866025403784439,0.,0.5));
#3637=DIRECTION('',(0.,1.,0.));
#3638=DIRECTION('center_axis',(-0.499999999999998,0.,-0.86602540378444));
#3639=DIRECTION('ref_axis',(-0.86602540378444,0.,0.499999999999998));
#3640=DIRECTION('',(0.86602540378444,-2.6074070323845E-16,-0.499999999999998));
#3641=DIRECTION('',(0.,1.,0.));
#3642=DIRECTION('center_axis',(0.,1.,0.));
#3643=DIRECTION('ref_axis',(-0.499999999999998,0.,-0.86602540378444));
#3644=DIRECTION('center_axis',(-3.01077430406822E-16,-1.,0.));
#3645=DIRECTION('ref_axis',(-0.499999999999998,0.,-0.86602540378444));
#3646=DIRECTION('',(0.,1.,0.));
#3647=DIRECTION('center_axis',(0.866025403784439,0.,-0.499999999999999));
#3648=DIRECTION('ref_axis',(-0.499999999999999,0.,-0.866025403784439));
#3649=DIRECTION('',(0.499999999999999,-1.50538715203411E-16,0.866025403784439));
#3650=DIRECTION('',(0.,1.,0.));
#3651=DIRECTION('center_axis',(0.,1.,0.));
#3652=DIRECTION('ref_axis',(0.866025403784439,0.,-0.499999999999999));
#3653=DIRECTION('center_axis',(-3.01077430406822E-16,-1.,0.));
#3654=DIRECTION('ref_axis',(0.866025403784439,0.,-0.499999999999999));
#3655=DIRECTION('',(0.,1.,0.));
#3656=DIRECTION('center_axis',(0.,0.,1.));
#3657=DIRECTION('ref_axis',(1.,0.,0.));
#3658=DIRECTION('',(-1.,3.01077430406822E-16,0.));
#3659=DIRECTION('center_axis',(-8.202284685191E-17,0.,1.));
#3660=DIRECTION('ref_axis',(1.,0.,8.202284685191E-17));
#3661=DIRECTION('',(-1.,3.01077430406822E-16,-8.202284685191E-17));
#3662=DIRECTION('center_axis',(0.,0.,1.));
#3663=DIRECTION('ref_axis',(1.,0.,0.));
#3664=DIRECTION('',(-1.,3.01077430406822E-16,0.));
#3665=DIRECTION('',(0.,1.,0.));
#3666=DIRECTION('center_axis',(0.,1.,0.));
#3667=DIRECTION('ref_axis',(0.,0.,1.));
#3668=DIRECTION('center_axis',(-3.01077430406822E-16,-1.,0.));
#3669=DIRECTION('ref_axis',(0.,0.,1.));
#3670=DIRECTION('',(0.,1.,0.));
#3671=DIRECTION('center_axis',(-1.,0.,0.));
#3672=DIRECTION('ref_axis',(0.,0.,1.));
#3673=DIRECTION('',(0.,0.,-1.));
#3674=DIRECTION('',(0.,1.,0.));
#3675=DIRECTION('center_axis',(0.,1.,0.));
#3676=DIRECTION('ref_axis',(-1.,0.,0.));
#3677=DIRECTION('center_axis',(-3.01077430406822E-16,-1.,0.));
#3678=DIRECTION('ref_axis',(-1.,0.,0.));
#3679=DIRECTION('',(0.,1.,0.));
#3680=DIRECTION('center_axis',(0.,0.,-1.));
#3681=DIRECTION('ref_axis',(-1.,0.,0.));
#3682=DIRECTION('',(1.,-3.01077430406822E-16,0.));
#3683=DIRECTION('',(0.,1.,0.));
#3684=DIRECTION('center_axis',(0.,1.,0.));
#3685=DIRECTION('ref_axis',(0.86602540378444,0.,-0.499999999999999));
#3686=DIRECTION('center_axis',(3.01077430406822E-16,1.,0.));
#3687=DIRECTION('ref_axis',(0.86602540378444,0.,-0.499999999999999));
#3688=DIRECTION('center_axis',(3.01077430406822E-16,1.,0.));
#3689=DIRECTION('ref_axis',(0.,0.,1.));
#3690=CARTESIAN_POINT('',(0.,0.,0.));
#3691=CARTESIAN_POINT('Origin',(5.76568542494925,-21.0960066781122,-9.16));
#3692=CARTESIAN_POINT('',(5.62426406871194,53.378993321881,-9.01857864376269));
#3693=CARTESIAN_POINT('',(5.76568542494925,53.378993321881,-9.36));
#3694=CARTESIAN_POINT('Origin',(5.76568542494925,53.378993321881,-9.16));
#3695=CARTESIAN_POINT('',(5.76568542494925,-45.92100667811,-9.36));
#3696=CARTESIAN_POINT('',(5.76568542494925,-21.0960066781122,-9.36));
#3697=CARTESIAN_POINT('',(5.62426406871194,-45.92100667811,-9.01857864376269));
#3698=CARTESIAN_POINT('Origin',(5.76568542494925,-45.92100667811,-9.16));
#3699=CARTESIAN_POINT('',(5.62426406871194,-21.0960066781122,-9.01857864376269));
#3700=CARTESIAN_POINT('Origin',(7.250609665441,-45.92100667811,-7.39223304703363));
#3701=CARTESIAN_POINT('',(7.250609665441,-45.92100667811,-7.39223304703363));
#3702=CARTESIAN_POINT('',(1.32101551083917,-45.92100667811,-13.3218272016355));
#3703=CARTESIAN_POINT('',(7.250609665441,53.378993321881,-7.39223304703363));
#3704=CARTESIAN_POINT('',(7.250609665441,-45.92100667811,-7.39223304703363));
#3705=CARTESIAN_POINT('',(16.0710155108392,53.378993321881,1.42817279836454));
#3706=CARTESIAN_POINT('Origin',(-29.5,-45.92100667811,5.64));
#3707=CARTESIAN_POINT('',(24.5,-45.92100667811,-9.36));
#3708=CARTESIAN_POINT('',(-29.5,-45.92100667811,-9.36));
#3709=CARTESIAN_POINT('',(29.5,-45.92100667811,-4.36));
#3710=CARTESIAN_POINT('Origin',(24.5,-45.92100667811,-4.36));
#3711=CARTESIAN_POINT('',(29.5,-45.92100667811,7.64));
#3712=CARTESIAN_POINT('',(29.5,-45.92100667811,5.64));
#3713=CARTESIAN_POINT('',(-29.5,-45.92100667811,7.64));
#3714=CARTESIAN_POINT('',(-29.5,-45.92100667811,7.64));
#3715=CARTESIAN_POINT('',(-29.5,-45.92100667811,-4.36));
#3716=CARTESIAN_POINT('',(-29.5,-45.92100667811,5.64));
#3717=CARTESIAN_POINT('',(-24.5,-45.92100667811,-9.36));
#3718=CARTESIAN_POINT('Origin',(-24.5,-45.92100667811,-4.36));
#3719=CARTESIAN_POINT('',(-5.76568542494921,-45.92100667811,-9.36));
#3720=CARTESIAN_POINT('',(-29.5,-45.92100667811,-9.36));
#3721=CARTESIAN_POINT('',(-5.6242640687119,-45.92100667811,-9.01857864376269));
#3722=CARTESIAN_POINT('Origin',(-5.76568542494921,-45.92100667811,-9.16));
#3723=CARTESIAN_POINT('',(-7.25060966544094,-45.92100667811,-7.39223304703363));
#3724=CARTESIAN_POINT('',(-15.0871320343559,-45.92100667811,0.444289321881379));
#3725=CARTESIAN_POINT('',(-18.3753048327205,-45.92100667811,-7.39223304703363));
#3726=CARTESIAN_POINT('',(5.36999999999999,-45.92100667811,-2.20999999999994));
#3727=CARTESIAN_POINT('',(5.36999999999997,-45.92100667811,-0.999999999999965));
#3728=CARTESIAN_POINT('',(5.36999999999993,-45.92100667811,1.71500000000032));
#3729=CARTESIAN_POINT('',(2.11999999999998,-45.92100667811,-5.45999999999998));
#3730=CARTESIAN_POINT('Origin',(2.11999999999998,-45.92100667811,-2.20999999999997));
#3731=CARTESIAN_POINT('',(-4.82000000000001,-45.92100667811,-5.46000000000001));
#3732=CARTESIAN_POINT('',(-17.16,-45.92100667811,-5.46000000000006));
#3733=CARTESIAN_POINT('',(-8.07000000000002,-45.92100667811,-2.21000000000001));
#3734=CARTESIAN_POINT('Origin',(-4.82000000000002,-45.92100667811,-2.21000000000002));
#3735=CARTESIAN_POINT('',(-8.07000000000002,-45.92100667811,-1.00000000000001));
#3736=CARTESIAN_POINT('',(-8.07000000000002,-45.92100667811,2.32));
#3737=CARTESIAN_POINT('',(-4.82000000000005,-45.92100667811,2.24999999999998));
#3738=CARTESIAN_POINT('Origin',(-4.82000000000002,-45.92100667811,-1.00000000000001));
#3739=CARTESIAN_POINT('',(2.11999999999996,-45.92100667811,2.25000000000003));
#3740=CARTESIAN_POINT('',(-13.69,-45.92100667811,2.24999999999993));
#3741=CARTESIAN_POINT('Origin',(2.11999999999997,-45.92100667811,-0.999999999999987));
#3742=CARTESIAN_POINT('Origin',(-5.76568542494921,-21.0960066781122,-9.16));
#3743=CARTESIAN_POINT('',(-5.76568542494921,53.378993321881,-9.36));
#3744=CARTESIAN_POINT('',(-5.76568542494921,-21.0960066781122,-9.36));
#3745=CARTESIAN_POINT('',(-5.6242640687119,53.378993321881,-9.01857864376269));
#3746=CARTESIAN_POINT('Origin',(-5.76568542494921,53.378993321881,-9.16));
#3747=CARTESIAN_POINT('',(-5.6242640687119,-21.0960066781122,-9.01857864376269));
#3748=CARTESIAN_POINT('Origin',(-5.28284271247459,-45.92100667811,-9.36));
#3749=CARTESIAN_POINT('',(-7.25060966544094,53.378993321881,-7.39223304703363));
#3750=CARTESIAN_POINT('',(-0.337132034355999,53.378993321881,-14.3057106781186));
#3751=CARTESIAN_POINT('',(-7.25060966544094,-45.92100667811,-7.39223304703363));
#3752=CARTESIAN_POINT('Origin',(-7.25060966544094,-45.92100667811,-7.39223304703363));
#3753=CARTESIAN_POINT('',(11.1246951672795,53.378993321881,-7.39223304703363));
#3754=CARTESIAN_POINT('Origin',(29.5,53.378993321881,5.64));
#3755=CARTESIAN_POINT('',(-24.5,53.378993321881,-9.36));
#3756=CARTESIAN_POINT('',(29.5,53.378993321881,-9.36));
#3757=CARTESIAN_POINT('',(-29.5,53.378993321881,-4.36));
#3758=CARTESIAN_POINT('Origin',(-24.5,53.378993321881,-4.36));
#3759=CARTESIAN_POINT('',(-29.5,53.378993321881,7.64));
#3760=CARTESIAN_POINT('',(-29.5,53.378993321881,5.64));
#3761=CARTESIAN_POINT('',(29.5,53.378993321881,7.64));
#3762=CARTESIAN_POINT('',(29.5,53.378993321881,7.64));
#3763=CARTESIAN_POINT('',(29.5,53.378993321881,-4.36));
#3764=CARTESIAN_POINT('',(29.5,53.378993321881,5.64));
#3765=CARTESIAN_POINT('',(24.5,53.378993321881,-9.36));
#3766=CARTESIAN_POINT('Origin',(24.5,53.378993321881,-4.36));
#3767=CARTESIAN_POINT('',(29.5,53.378993321881,-9.36));
#3768=CARTESIAN_POINT('Origin',(0.,3.72899332188551,-9.36));
#3769=CARTESIAN_POINT('',(-24.5,28.5539933218833,-9.36));
#3770=CARTESIAN_POINT('Origin',(9.6648232278141,-45.92100667811,-6.39223304703363));
#3771=CARTESIAN_POINT('',(8.69705627484773,-43.92100667811,-7.36));
#3772=CARTESIAN_POINT('',(9.6648232278141,-43.92100667811,-6.39223304703363));
#3773=CARTESIAN_POINT('',(17.131675682619,-43.92100667811,1.07461940777125));
#3774=CARTESIAN_POINT('',(8.69705627484772,51.378993321881,-7.36));
#3775=CARTESIAN_POINT('',(8.69705627484773,-44.92100667811,-7.36));
#3776=CARTESIAN_POINT('',(9.6648232278141,51.378993321881,-6.39223304703363));
#3777=CARTESIAN_POINT('',(3.38167568261897,51.378993321881,-12.6753805922288));
#3778=CARTESIAN_POINT('',(9.6648232278141,-45.92100667811,-6.39223304703363));
#3779=CARTESIAN_POINT('Origin',(-9.66482322781404,-45.92100667811,-6.39223304703363));
#3780=CARTESIAN_POINT('',(-9.66482322781404,-43.92100667811,-6.39223304703363));
#3781=CARTESIAN_POINT('',(8.91758838609298,-43.92100667811,-6.39223304703363));
#3782=CARTESIAN_POINT('',(-9.66482322781404,51.378993321881,-6.39223304703363));
#3783=CARTESIAN_POINT('',(-18.582411613907,51.378993321881,-6.39223304703363));
#3784=CARTESIAN_POINT('',(-9.66482322781404,-45.92100667811,-6.39223304703363));
#3785=CARTESIAN_POINT('Origin',(-6.69705627484768,-45.92100667811,-9.36));
#3786=CARTESIAN_POINT('',(-8.69705627484768,-43.92100667811,-7.36));
#3787=CARTESIAN_POINT('',(-1.89779220613579,-43.92100667811,-14.1592640687119));
#3788=CARTESIAN_POINT('',(-8.69705627484768,51.378993321881,-7.36));
#3789=CARTESIAN_POINT('',(-15.6477922061357,51.378993321881,-0.40926406871191));
#3790=CARTESIAN_POINT('',(-8.69705627484768,-44.92100667811,-7.36));
#3791=CARTESIAN_POINT('Origin',(0.,3.72899332188551,-9.36));
#3792=CARTESIAN_POINT('',(24.5,-21.0960066781122,-9.36));
#3793=CARTESIAN_POINT('Origin',(-27.5,51.378993321881,5.64));
#3794=CARTESIAN_POINT('',(25.,51.378993321881,-7.36));
#3795=CARTESIAN_POINT('',(-27.5,51.378993321881,-7.36));
#3796=CARTESIAN_POINT('',(27.5,51.378993321881,-4.86));
#3797=CARTESIAN_POINT('Origin',(25.,51.378993321881,-4.86));
#3798=CARTESIAN_POINT('',(27.5,51.378993321881,7.64));
#3799=CARTESIAN_POINT('',(27.5,51.378993321881,5.64));
#3800=CARTESIAN_POINT('',(-27.5,51.378993321881,7.64));
#3801=CARTESIAN_POINT('',(27.5,51.378993321881,7.64));
#3802=CARTESIAN_POINT('',(-27.5,51.378993321881,-4.86));
#3803=CARTESIAN_POINT('',(-27.5,51.378993321881,5.64));
#3804=CARTESIAN_POINT('',(-25.,51.378993321881,-7.36));
#3805=CARTESIAN_POINT('Origin',(-25.,51.378993321881,-4.86));
#3806=CARTESIAN_POINT('',(-27.5,51.378993321881,-7.36));
#3807=CARTESIAN_POINT('',(14.8585786437627,51.378993321881,7.49857864376269));
#3808=CARTESIAN_POINT('',(-14.8585786437627,51.378993321881,7.49857864376269));
#3809=CARTESIAN_POINT('',(-21.25,51.378993321881,7.49857864376269));
#3810=CARTESIAN_POINT('',(14.8585786437627,51.378993321881,5.78142135623731));
#3811=CARTESIAN_POINT('',(14.8585786437627,51.378993321881,6.64));
#3812=CARTESIAN_POINT('',(-14.8585786437627,51.378993321881,5.78142135623731));
#3813=CARTESIAN_POINT('',(-6.25,51.378993321881,5.78142135623731));
#3814=CARTESIAN_POINT('',(-14.8585786437627,51.378993321881,5.64));
#3815=CARTESIAN_POINT('Origin',(-27.5,-43.92100667811,-7.36));
#3816=CARTESIAN_POINT('',(25.,-43.92100667811,-7.36));
#3817=CARTESIAN_POINT('',(0.,-43.92100667811,-7.36));
#3818=CARTESIAN_POINT('',(25.,3.7289933218855,-7.36));
#3819=CARTESIAN_POINT('',(23.5,39.,-7.36));
#3820=CARTESIAN_POINT('Origin',(21.,39.,-7.36));
#3821=CARTESIAN_POINT('',(23.5,-39.,-7.36));
#3822=CARTESIAN_POINT('Origin',(21.,-39.,-7.36));
#3823=CARTESIAN_POINT('Origin',(-27.5,-43.92100667811,-7.36));
#3824=CARTESIAN_POINT('',(-25.,-43.92100667811,-7.36));
#3825=CARTESIAN_POINT('',(-25.,-43.92100667811,-7.36));
#3826=CARTESIAN_POINT('',(0.,-43.92100667811,-7.36));
#3827=CARTESIAN_POINT('',(-18.5,39.,-7.36));
#3828=CARTESIAN_POINT('Origin',(-21.,39.,-7.36));
#3829=CARTESIAN_POINT('',(-18.5,-39.,-7.36));
#3830=CARTESIAN_POINT('Origin',(-21.,-39.,-7.36));
#3831=CARTESIAN_POINT('Origin',(-25.,-43.92100667811,-4.86));
#3832=CARTESIAN_POINT('',(-27.5,-43.92100667811,-4.86));
#3833=CARTESIAN_POINT('',(-27.5,-43.92100667811,-4.86));
#3834=CARTESIAN_POINT('Origin',(-25.,-43.92100667811,-4.86));
#3835=CARTESIAN_POINT('Origin',(25.,3.7289933218855,-4.86));
#3836=CARTESIAN_POINT('',(27.5,-43.92100667811,-4.86));
#3837=CARTESIAN_POINT('Origin',(25.,-43.92100667811,-4.86));
#3838=CARTESIAN_POINT('',(27.5,3.7289933218855,-4.86));
#3839=CARTESIAN_POINT('Origin',(27.5,-43.92100667811,5.64));
#3840=CARTESIAN_POINT('',(-27.5,-43.92100667811,7.64));
#3841=CARTESIAN_POINT('',(-27.5,-43.92100667811,5.64));
#3842=CARTESIAN_POINT('',(27.5,-43.92100667811,7.64));
#3843=CARTESIAN_POINT('',(-27.5,-43.92100667811,7.64));
#3844=CARTESIAN_POINT('',(27.5,-43.92100667811,5.64));
#3845=CARTESIAN_POINT('',(-6.35273885302459,-43.92100667811,1.28324584931821));
#3846=CARTESIAN_POINT('',(-15.810002012164,-43.92100667811,1.28324584931822));
#3847=CARTESIAN_POINT('',(10.8798277181953,-43.92100667811,1.2832458493182));
#3848=CARTESIAN_POINT('',(-15.810002012164,-43.92100667811,-3.71072535930711));
#3849=CARTESIAN_POINT('',(-15.810002012164,-43.92100667811,3.46162292465911));
#3850=CARTESIAN_POINT('',(-7.12441389423269,-43.92100667811,-3.71072535930711));
#3851=CARTESIAN_POINT('',(5.84499899391802,-43.92100667811,-3.71072535930711));
#3852=CARTESIAN_POINT('',(-4.82000000000001,-43.92100667811,-4.96000000000001));
#3853=CARTESIAN_POINT('Origin',(-4.82000000000002,-43.92100667811,-2.21000000000002));
#3854=CARTESIAN_POINT('',(2.11999999999998,-43.92100667811,-4.95999999999999));
#3855=CARTESIAN_POINT('',(11.34,-43.92100667811,-4.95999999999995));
#3856=CARTESIAN_POINT('',(4.86999999999999,-43.92100667811,-2.20999999999995));
#3857=CARTESIAN_POINT('Origin',(2.11999999999998,-43.92100667811,-2.20999999999997));
#3858=CARTESIAN_POINT('',(4.86999999999997,-43.92100667811,-0.999999999999973));
#3859=CARTESIAN_POINT('',(4.86999999999993,-43.92100667811,1.71499999999984));
#3860=CARTESIAN_POINT('',(2.11999999999997,-43.92100667811,1.75000000000001));
#3861=CARTESIAN_POINT('Origin',(2.11999999999997,-43.92100667811,-0.999999999999987));
#3862=CARTESIAN_POINT('',(-4.82000000000004,-43.92100667811,1.74999999999998));
#3863=CARTESIAN_POINT('',(14.81,-43.92100667811,1.75000000000011));
#3864=CARTESIAN_POINT('Origin',(-4.82000000000002,-43.92100667811,-1.00000000000001));
#3865=CARTESIAN_POINT('',(-14.8585786437627,-43.92100667811,7.49857864376272));
#3866=CARTESIAN_POINT('',(14.8585786437627,-43.92100667811,7.4985786437627));
#3867=CARTESIAN_POINT('',(6.24999999999999,-43.92100667811,7.4985786437627));
#3868=CARTESIAN_POINT('',(-14.8585786437627,-43.92100667811,5.78142135623728));
#3869=CARTESIAN_POINT('',(-14.8585786437627,-43.92100667811,5.64));
#3870=CARTESIAN_POINT('',(14.8585786437627,-43.92100667811,5.7814213562373));
#3871=CARTESIAN_POINT('',(21.25,-43.92100667811,5.78142135623731));
#3872=CARTESIAN_POINT('',(14.8585786437627,-43.92100667811,6.64));
#3873=CARTESIAN_POINT('Origin',(21.,-39.,0.01));
#3874=CARTESIAN_POINT('',(22.3,-39.,2.01));
#3875=CARTESIAN_POINT('Origin',(21.,-39.,2.01));
#3876=CARTESIAN_POINT('',(22.3,-39.,0.01));
#3877=CARTESIAN_POINT('',(22.3,-39.,0.01));
#3878=CARTESIAN_POINT('Origin',(21.,-39.,0.01));
#3879=CARTESIAN_POINT('Origin',(21.,-39.,2.01));
#3880=CARTESIAN_POINT('Origin',(-21.,-39.,0.01));
#3881=CARTESIAN_POINT('',(-19.7,-39.,2.01));
#3882=CARTESIAN_POINT('Origin',(-21.,-39.,2.01));
#3883=CARTESIAN_POINT('',(-19.7,-39.,0.01));
#3884=CARTESIAN_POINT('',(-19.7,-39.,0.01));
#3885=CARTESIAN_POINT('Origin',(-21.,-39.,0.01));
#3886=CARTESIAN_POINT('Origin',(-21.,-39.,2.01));
#3887=CARTESIAN_POINT('Origin',(21.,39.,0.01));
#3888=CARTESIAN_POINT('',(22.3,39.,2.01));
#3889=CARTESIAN_POINT('Origin',(21.,39.,2.01));
#3890=CARTESIAN_POINT('',(22.3,39.,0.01));
#3891=CARTESIAN_POINT('',(22.3,39.,0.01));
#3892=CARTESIAN_POINT('Origin',(21.,39.,0.01));
#3893=CARTESIAN_POINT('Origin',(21.,39.,2.01));
#3894=CARTESIAN_POINT('Origin',(-21.,39.,0.01));
#3895=CARTESIAN_POINT('',(-19.7,39.,2.01));
#3896=CARTESIAN_POINT('Origin',(-21.,39.,2.01));
#3897=CARTESIAN_POINT('',(-19.7,39.,0.01));
#3898=CARTESIAN_POINT('',(-19.7,39.,0.01));
#3899=CARTESIAN_POINT('Origin',(-21.,39.,0.01));
#3900=CARTESIAN_POINT('Origin',(-21.,39.,2.01));
#3901=CARTESIAN_POINT('Origin',(-21.,-39.,-7.36));
#3902=CARTESIAN_POINT('',(-18.5,-39.,0.01));
#3903=CARTESIAN_POINT('Origin',(-21.,-39.,0.01));
#3904=CARTESIAN_POINT('',(-18.5,-39.,-7.36));
#3905=CARTESIAN_POINT('Origin',(0.,-4.44089209850063E-15,0.01));
#3906=CARTESIAN_POINT('Origin',(21.,39.,-7.36));
#3907=CARTESIAN_POINT('',(23.5,39.,0.01));
#3908=CARTESIAN_POINT('Origin',(21.,39.,0.01));
#3909=CARTESIAN_POINT('',(23.5,39.,-7.36));
#3910=CARTESIAN_POINT('Origin',(0.,-4.44089209850063E-15,0.01));
#3911=CARTESIAN_POINT('Origin',(21.,-39.,-7.36));
#3912=CARTESIAN_POINT('',(23.5,-39.,0.01));
#3913=CARTESIAN_POINT('Origin',(21.,-39.,0.01));
#3914=CARTESIAN_POINT('',(23.5,-39.,-7.36));
#3915=CARTESIAN_POINT('Origin',(0.,-4.44089209850063E-15,0.01));
#3916=CARTESIAN_POINT('Origin',(-21.,39.,-7.36));
#3917=CARTESIAN_POINT('',(-18.5,39.,0.01));
#3918=CARTESIAN_POINT('Origin',(-21.,39.,0.01));
#3919=CARTESIAN_POINT('',(-18.5,39.,-7.36));
#3920=CARTESIAN_POINT('Origin',(0.,-4.44089209850063E-15,0.01));
#3921=CARTESIAN_POINT('Origin',(0.,3.72899332188551,7.64));
#3922=CARTESIAN_POINT('',(29.5,-45.92100667811,7.64));
#3923=CARTESIAN_POINT('',(-29.5,53.378993321881,7.64));
#3924=CARTESIAN_POINT('',(-27.5,51.378993321881,7.64));
#3925=CARTESIAN_POINT('',(27.5,-43.92100667811,7.64));
#3926=CARTESIAN_POINT('Origin',(-15.,-43.9917173562286,7.56928932188134));
#3927=CARTESIAN_POINT('',(14.,-43.0624280343473,6.64));
#3928=CARTESIAN_POINT('',(9.95285954792087,-39.0152875822682,2.59285954792089));
#3929=CARTESIAN_POINT('',(-14.,-43.0624280343473,6.64));
#3930=CARTESIAN_POINT('',(-2.8306222557981E-14,-43.0624280343473,6.64));
#3931=CARTESIAN_POINT('',(-14.6195262145876,-43.6819542489349,7.25952621458756));
#3932=CARTESIAN_POINT('Origin',(-15.,51.4497039999997,7.56928932188134));
#3933=CARTESIAN_POINT('',(-14.,50.5204146781183,6.64));
#3934=CARTESIAN_POINT('',(-14.6195262145876,51.1399408927059,7.25952621458756));
#3935=CARTESIAN_POINT('',(14.,50.5204146781183,6.64));
#3936=CARTESIAN_POINT('',(0.,50.5204146781183,6.64));
#3937=CARTESIAN_POINT('',(9.95285954792089,46.4732742260392,2.5928595479209));
#3938=CARTESIAN_POINT('Origin',(27.5707106781187,-21.2710066781145,7.56928932188134));
#3939=CARTESIAN_POINT('',(27.5,-21.1295853218772,7.49857864376269));
#3940=CARTESIAN_POINT('',(27.5,28.5875719656482,7.49857864376269));
#3941=CARTESIAN_POINT('',(27.5,15.0539933218833,7.49857864376269));
#3942=CARTESIAN_POINT('',(26.6414213562373,27.7289933218855,6.64));
#3943=CARTESIAN_POINT('',(19.2609475708249,20.3485195364731,-0.74047378541244));
#3944=CARTESIAN_POINT('',(26.6414213562373,-20.2710066781145,6.64));
#3945=CARTESIAN_POINT('',(26.6414213562373,3.7289933218855,6.64));
#3946=CARTESIAN_POINT('',(27.2609475708249,-20.8905328927021,7.25952621458756));
#3947=CARTESIAN_POINT('Origin',(27.5,51.378993321881,5.64));
#3948=CARTESIAN_POINT('',(27.5,-21.1295853218772,5.78142135623731));
#3949=CARTESIAN_POINT('',(27.5,-21.1295853218772,5.64));
#3950=CARTESIAN_POINT('',(27.5,28.5875719656482,5.78142135623731));
#3951=CARTESIAN_POINT('',(27.5,40.0539933218833,5.78142135623731));
#3952=CARTESIAN_POINT('',(27.5,28.5875719656482,6.64));
#3953=CARTESIAN_POINT('Origin',(-27.5707106781187,-21.2710066781145,7.56928932188134));
#3954=CARTESIAN_POINT('',(-27.5,28.5875719656482,7.49857864376269));
#3955=CARTESIAN_POINT('',(-27.5,-21.1295853218772,7.49857864376269));
#3956=CARTESIAN_POINT('',(-27.5,-32.5960066781123,7.49857864376269));
#3957=CARTESIAN_POINT('',(-26.6414213562373,-20.2710066781145,6.64));
#3958=CARTESIAN_POINT('',(-27.2609475708249,-20.8905328927021,7.25952621458756));
#3959=CARTESIAN_POINT('',(-26.6414213562373,27.7289933218855,6.64));
#3960=CARTESIAN_POINT('',(-26.6414213562373,3.7289933218855,6.64));
#3961=CARTESIAN_POINT('',(-19.2609475708249,20.3485195364731,-0.740473785412439));
#3962=CARTESIAN_POINT('Origin',(-27.5,-43.92100667811,5.64));
#3963=CARTESIAN_POINT('',(-27.5,28.5875719656482,5.78142135623731));
#3964=CARTESIAN_POINT('',(-27.5,28.5875719656482,6.64));
#3965=CARTESIAN_POINT('',(-27.5,-21.1295853218772,5.78142135623731));
#3966=CARTESIAN_POINT('',(-27.5,-7.59600667811225,5.78142135623731));
#3967=CARTESIAN_POINT('',(-27.5,-21.1295853218772,5.64));
#3968=CARTESIAN_POINT('Origin',(14.9292893218813,-43.9917173562286,7.64));
#3969=CARTESIAN_POINT('',(14.6195262145875,-43.6819542489349,6.02047378541244));
#3970=CARTESIAN_POINT('Origin',(15.,-43.9917173562286,5.71071067811865));
#3971=CARTESIAN_POINT('',(-9.95285954792094,-39.0152875822682,10.6871404520791));
#3972=CARTESIAN_POINT('Origin',(-14.9292893218814,-43.9917173562286,5.64));
#3973=CARTESIAN_POINT('Origin',(14.9292893218813,51.4497039999997,7.64));
#3974=CARTESIAN_POINT('',(14.6195262145876,51.1399408927059,6.02047378541244));
#3975=CARTESIAN_POINT('Origin',(15.,51.4497039999997,5.71071067811865));
#3976=CARTESIAN_POINT('',(-9.95285954792092,46.4732742260392,10.6871404520791));
#3977=CARTESIAN_POINT('Origin',(-14.9292893218813,51.4497039999997,5.64));
#3978=CARTESIAN_POINT('Origin',(27.5707106781187,28.6582826437668,7.64));
#3979=CARTESIAN_POINT('',(27.2609475708249,28.3485195364731,6.02047378541243));
#3980=CARTESIAN_POINT('Origin',(27.5707106781187,28.7289933218855,5.71071067811865));
#3981=CARTESIAN_POINT('',(19.2609475708249,-12.890532892702,14.0204737854124));
#3982=CARTESIAN_POINT('Origin',(27.5707106781187,-21.2002959999958,5.64));
#3983=CARTESIAN_POINT('Origin',(-27.5707106781187,28.6582826437668,7.64));
#3984=CARTESIAN_POINT('',(-27.2609475708249,28.3485195364731,6.02047378541243));
#3985=CARTESIAN_POINT('Origin',(-27.5707106781187,28.7289933218855,5.71071067811865));
#3986=CARTESIAN_POINT('',(-19.2609475708249,-12.8905328927021,14.0204737854124));
#3987=CARTESIAN_POINT('Origin',(-27.5707106781187,-21.2002959999958,5.64));
#3988=CARTESIAN_POINT('Origin',(-24.5,28.5539933218833,-4.36));
#3989=CARTESIAN_POINT('',(-29.5,28.5539933218833,-4.36));
#3990=CARTESIAN_POINT('Origin',(24.5,-21.0960066781122,-4.36));
#3991=CARTESIAN_POINT('',(29.5,-21.0960066781122,-4.36));
#3992=CARTESIAN_POINT('Origin',(-5.7403445636093,-43.92100667811,1.28324584931821));
#3993=CARTESIAN_POINT('',(-6.35273885302459,-44.42100667811,1.28324584931821));
#3994=CARTESIAN_POINT('',(-6.35273885302459,-43.92100667811,1.28324584931821));
#3995=CARTESIAN_POINT('',(-15.810002012164,-44.42100667811,1.28324584931822));
#3996=CARTESIAN_POINT('',(-5.7403445636093,-44.42100667811,1.28324584931821));
#3997=CARTESIAN_POINT('',(-15.810002012164,-43.92100667811,1.28324584931822));
#3998=CARTESIAN_POINT('Origin',(-15.810002012164,-43.92100667811,1.28324584931822));
#3999=CARTESIAN_POINT('',(-15.810002012164,-44.42100667811,-3.71072535930711));
#4000=CARTESIAN_POINT('',(-15.810002012164,-44.42100667811,-1.54142135623739));
#4001=CARTESIAN_POINT('',(-15.810002012164,-43.92100667811,-3.71072535930711));
#4002=CARTESIAN_POINT('Origin',(-15.810002012164,-43.92100667811,-3.71072535930711));
#4003=CARTESIAN_POINT('',(-7.12441389423269,-44.42100667811,-3.71072535930711));
#4004=CARTESIAN_POINT('',(-7.12441389423269,-43.92100667811,-3.71072535930711));
#4005=CARTESIAN_POINT('',(-5.7404128989459,-44.42100667811,-3.71072535930711));
#4006=CARTESIAN_POINT('Origin',(-10.7750010609513,-44.42100667811,-1.21373975499445));
#4007=CARTESIAN_POINT('',(-7.57000000000002,-44.42100667811,-1.00000000000001));
#4008=CARTESIAN_POINT('Origin',(-4.82000000000002,-44.42100667811,-1.00000000000001));
#4009=CARTESIAN_POINT('',(-7.57000000000002,-44.42100667811,-2.21000000000001));
#4010=CARTESIAN_POINT('',(-7.57000000000002,-44.42100667811,-1.10686987749723));
#4011=CARTESIAN_POINT('Origin',(-4.82000000000002,-44.42100667811,-2.21000000000002));
#4012=CARTESIAN_POINT('Origin',(5.36999999999993,-45.42100667811,1.71500000000032));
#4013=CARTESIAN_POINT('',(4.86999999999997,-45.42100667811,-0.999999999999973));
#4014=CARTESIAN_POINT('Origin',(5.36999999999997,-45.42100667811,-0.999999999999965));
#4015=CARTESIAN_POINT('',(4.86999999999999,-45.42100667811,-2.20999999999995));
#4016=CARTESIAN_POINT('',(4.86999999999993,-45.42100667811,1.71500000000031));
#4017=CARTESIAN_POINT('Origin',(5.36999999999999,-45.42100667811,-2.20999999999994));
#4018=CARTESIAN_POINT('Origin',(2.11999999999998,-45.42100667811,-2.20999999999997));
#4019=CARTESIAN_POINT('',(2.11999999999998,-45.42100667811,-4.95999999999999));
#4020=CARTESIAN_POINT('Origin',(2.11999999999998,-45.42100667811,-5.45999999999998));
#4021=CARTESIAN_POINT('Origin',(2.11999999999998,-45.42100667811,-2.20999999999997));
#4022=CARTESIAN_POINT('Origin',(-17.16,-45.42100667811,-5.46000000000006));
#4023=CARTESIAN_POINT('',(-4.82000000000001,-45.42100667811,-4.96000000000001));
#4024=CARTESIAN_POINT('Origin',(-4.82000000000001,-45.42100667811,-5.46000000000001));
#4025=CARTESIAN_POINT('',(-17.16,-45.42100667811,-4.96000000000006));
#4026=CARTESIAN_POINT('Origin',(-4.82000000000002,-45.42100667811,-2.21000000000002));
#4027=CARTESIAN_POINT('',(-7.57000000000002,-45.42100667811,-2.21000000000001));
#4028=CARTESIAN_POINT('Origin',(-8.07000000000002,-45.42100667811,-2.21000000000001));
#4029=CARTESIAN_POINT('Origin',(-4.82000000000002,-45.42100667811,-2.21000000000002));
#4030=CARTESIAN_POINT('Origin',(-8.07000000000002,-45.42100667811,2.32));
#4031=CARTESIAN_POINT('',(-7.57000000000002,-45.42100667811,-1.00000000000001));
#4032=CARTESIAN_POINT('Origin',(-8.07000000000002,-45.42100667811,-1.00000000000001));
#4033=CARTESIAN_POINT('',(-7.57000000000002,-45.42100667811,2.32));
#4034=CARTESIAN_POINT('Origin',(-4.82000000000002,-45.42100667811,-1.00000000000001));
#4035=CARTESIAN_POINT('',(-4.82000000000004,-45.42100667811,1.74999999999998));
#4036=CARTESIAN_POINT('Origin',(-4.82000000000005,-45.42100667811,2.24999999999998));
#4037=CARTESIAN_POINT('Origin',(-4.82000000000002,-45.42100667811,-1.00000000000001));
#4038=CARTESIAN_POINT('Origin',(-13.69,-45.42100667811,2.24999999999993));
#4039=CARTESIAN_POINT('',(2.11999999999997,-45.42100667811,1.75000000000001));
#4040=CARTESIAN_POINT('Origin',(2.11999999999996,-45.42100667811,2.25000000000003));
#4041=CARTESIAN_POINT('',(-13.69,-45.42100667811,1.74999999999993));
#4042=CARTESIAN_POINT('Origin',(2.11999999999997,-45.42100667811,-0.999999999999987));
#4043=CARTESIAN_POINT('Origin',(2.11999999999997,-45.42100667811,-0.999999999999987));
#4044=CARTESIAN_POINT('Origin',(-4.82000000000002,-43.92100667811,-2.21000000000002));
#4045=CARTESIAN_POINT('',(-7.57000000000002,-43.92100667811,-2.21000000000001));
#4046=CARTESIAN_POINT('',(-4.82000000000001,-43.92100667811,-4.96000000000001));
#4047=CARTESIAN_POINT('Origin',(-4.82000000000001,-43.92100667811,-4.96000000000001));
#4048=CARTESIAN_POINT('',(2.11999999999998,-43.92100667811,-4.95999999999999));
#4049=CARTESIAN_POINT('Origin',(2.11999999999998,-43.92100667811,-2.20999999999997));
#4050=CARTESIAN_POINT('',(4.86999999999999,-43.92100667811,-2.20999999999995));
#4051=CARTESIAN_POINT('Origin',(4.86999999999999,-43.92100667811,-2.20999999999995));
#4052=CARTESIAN_POINT('',(4.86999999999997,-43.92100667811,-0.999999999999973));
#4053=CARTESIAN_POINT('Origin',(-7.57000000000002,-43.92100667811,-1.00000000000001));
#4054=CARTESIAN_POINT('',(-7.57000000000002,-43.92100667811,-1.00000000000001));
#4055=CARTESIAN_POINT('Origin',(-4.82000000000002,-43.92100667811,-1.00000000000001));
#4056=CARTESIAN_POINT('',(-4.82000000000004,-43.92100667811,1.74999999999998));
#4057=CARTESIAN_POINT('Origin',(2.11999999999997,-43.92100667811,1.75000000000003));
#4058=CARTESIAN_POINT('',(2.11999999999997,-43.92100667811,1.75000000000001));
#4059=CARTESIAN_POINT('Origin',(2.11999999999997,-43.92100667811,-0.999999999999987));
#4060=CARTESIAN_POINT('Origin',(-29.5,53.378993321881,5.64));
#4061=CARTESIAN_POINT('Origin',(29.5,-45.92100667811,5.64));
#4062=CARTESIAN_POINT('Origin',(0.,3.7289933218855,7.44));
#4063=CARTESIAN_POINT('',(-3.22958346617789,-36.4899659848147,7.44));
#4064=CARTESIAN_POINT('',(-0.00162940010647325,-37.8920866214102,7.44));
#4065=CARTESIAN_POINT('',(-3.22958346617789,-36.4899659848147,7.44));
#4066=CARTESIAN_POINT('',(1.14991291034047,-34.7597550073844,7.44));
#4067=CARTESIAN_POINT('Ctrl Pts',(1.14991291034047,-34.7597550073844,7.44));
#4068=CARTESIAN_POINT('Ctrl Pts',(-0.224396116475995,-35.4132502497185,
7.44));
#4069=CARTESIAN_POINT('Ctrl Pts',(-3.22958346617789,-36.4899659848147,7.44));
#4070=CARTESIAN_POINT('',(1.16157537235422,-36.0565203759964,7.44));
#4071=CARTESIAN_POINT('',(1.16157537235422,-36.0565203759964,7.44));
#4072=CARTESIAN_POINT('',(2.77371951545592,-37.2845961861848,7.44));
#4073=CARTESIAN_POINT('',(2.77371951545592,-37.2845961861848,7.44));
#4074=CARTESIAN_POINT('',(2.76226638748509,-34.1977016215293,7.44));
#4075=CARTESIAN_POINT('',(2.76226638748509,-34.1977016215293,7.44));
#4076=CARTESIAN_POINT('',(5.27353736524683,-32.9921937250503,7.44));
#4077=CARTESIAN_POINT('',(5.27353736524683,-32.9921937250503,7.44));
#4078=CARTESIAN_POINT('',(5.26304632193261,-31.1993486632115,7.44));
#4079=CARTESIAN_POINT('',(5.26304632193261,-31.1993486632115,7.44));
#4080=CARTESIAN_POINT('',(-5.05824427442408,-35.4392892139537,7.44));
#4081=CARTESIAN_POINT('',(-5.05824427442408,-35.4392892139537,7.44));
#4082=CARTESIAN_POINT('',(-5.06439597211804,-37.4294900300556,7.44));
#4083=CARTESIAN_POINT('',(-5.06439597211804,-37.4294900300556,7.44));
#4084=CARTESIAN_POINT('',(1.64726929781748,-40.6548974014478,7.44));
#4085=CARTESIAN_POINT('',(1.64726929781748,-40.6548974014478,7.44));
#4086=CARTESIAN_POINT('',(1.65700515640125,-39.0232514189834,7.44));
#4087=CARTESIAN_POINT('',(1.65700515640125,-39.0232514189834,7.44));
#4088=CARTESIAN_POINT('',(6.13440901209083,-40.6747278465756,7.44));
#4089=CARTESIAN_POINT('',(6.13440901209083,-40.6747278465756,7.44));
#4090=CARTESIAN_POINT('',(0.00592670690238536,-36.1018399792321,7.44));
#4091=CARTESIAN_POINT('',(0.00592670690238536,-36.1018399792321,7.44));
#4092=CARTESIAN_POINT('',(-0.00162940010647325,-37.8920866214102,7.44));
#4093=CARTESIAN_POINT('Origin',(-1.61560643314218,-37.1910263031124,7.64));
#4094=CARTESIAN_POINT('',(-0.00162940010647325,-37.8920866214102,7.64));
#4095=CARTESIAN_POINT('',(-0.00162940010647325,-37.8920866214102,7.64));
#4096=CARTESIAN_POINT('',(-3.22958346617789,-36.4899659848147,7.64));
#4097=CARTESIAN_POINT('',(-8.41256069838963,-34.2386454308228,7.64));
#4098=CARTESIAN_POINT('',(-3.22958346617789,-36.4899659848147,7.64));
#4099=CARTESIAN_POINT('Ctrl Pts',(1.14991291034047,-34.7597550073844,7.44));
#4100=CARTESIAN_POINT('Ctrl Pts',(1.14991291034047,-34.7597550073844,7.64));
#4101=CARTESIAN_POINT('Ctrl Pts',(-0.224396116475995,-35.4132502497185,
7.44));
#4102=CARTESIAN_POINT('Ctrl Pts',(-0.224396116475995,-35.4132502497185,
7.64));
#4103=CARTESIAN_POINT('Ctrl Pts',(-3.22958346617789,-36.4899659848147,7.44));
#4104=CARTESIAN_POINT('Ctrl Pts',(-3.22958346617789,-36.4899659848147,7.64));
#4105=CARTESIAN_POINT('',(1.14991291034047,-34.7597550073844,7.64));
#4106=CARTESIAN_POINT('Ctrl Pts',(1.14991291034047,-34.7597550073844,7.64));
#4107=CARTESIAN_POINT('Ctrl Pts',(-0.224396116475995,-35.4132502497185,
7.64));
#4108=CARTESIAN_POINT('Ctrl Pts',(-3.22958346617789,-36.4899659848147,7.64));
#4109=CARTESIAN_POINT('',(1.14991291034047,-34.7597550073844,7.64));
#4110=CARTESIAN_POINT('Origin',(1.15574414134735,-35.4081376916904,7.64));
#4111=CARTESIAN_POINT('',(1.16157537235422,-36.0565203759964,7.64));
#4112=CARTESIAN_POINT('',(0.979721704318027,-15.8359581493945,7.64));
#4113=CARTESIAN_POINT('',(1.16157537235422,-36.0565203759964,7.64));
#4114=CARTESIAN_POINT('Origin',(1.96764744390507,-36.6705582810906,7.64));
#4115=CARTESIAN_POINT('',(2.77371951545592,-37.2845961861848,7.64));
#4116=CARTESIAN_POINT('',(-8.39206534176718,-28.7788863564535,7.64));
#4117=CARTESIAN_POINT('',(2.77371951545592,-37.2845961861848,7.64));
#4118=CARTESIAN_POINT('Origin',(2.76799295147051,-35.7411489038571,7.64));
#4119=CARTESIAN_POINT('',(2.76226638748509,-34.1977016215293,7.64));
#4120=CARTESIAN_POINT('',(2.69475300453684,-16.001214566166,7.64));
#4121=CARTESIAN_POINT('',(2.76226638748509,-34.1977016215293,7.64));
#4122=CARTESIAN_POINT('Origin',(4.01790187636596,-33.5949476732898,7.64));
#4123=CARTESIAN_POINT('',(5.27353736524683,-32.9921937250503,7.64));
#4124=CARTESIAN_POINT('',(9.66591118618183,-30.8836831850433,7.64));
#4125=CARTESIAN_POINT('',(5.27353736524683,-32.9921937250503,7.64));
#4126=CARTESIAN_POINT('Origin',(5.26829184358972,-32.0957711941309,7.64));
#4127=CARTESIAN_POINT('',(5.26304632193261,-31.1993486632115,7.64));
#4128=CARTESIAN_POINT('',(5.16338883146062,-14.1685887743674,7.64));
#4129=CARTESIAN_POINT('',(5.26304632193261,-31.1993486632115,7.64));
#4130=CARTESIAN_POINT('Origin',(0.102401023754265,-33.3193189385826,7.64));
#4131=CARTESIAN_POINT('',(-5.05824427442408,-35.4392892139537,7.64));
#4132=CARTESIAN_POINT('',(6.56949962073795,-30.6626634233626,7.64));
#4133=CARTESIAN_POINT('',(-5.05824427442408,-35.4392892139537,7.64));
#4134=CARTESIAN_POINT('Origin',(-5.06132012327106,-36.4343896220047,7.64));
#4135=CARTESIAN_POINT('',(-5.06439597211804,-37.4294900300556,7.64));
#4136=CARTESIAN_POINT('',(-4.99922416113848,-16.3450678345882,7.64));
#4137=CARTESIAN_POINT('',(-5.06439597211804,-37.4294900300556,7.64));
#4138=CARTESIAN_POINT('Origin',(-1.70856333715028,-39.0421937157517,7.64));
#4139=CARTESIAN_POINT('',(1.64726929781748,-40.6548974014478,7.64));
#4140=CARTESIAN_POINT('',(-9.36360631581689,-35.3634297937314,7.64));
#4141=CARTESIAN_POINT('',(1.64726929781748,-40.6548974014478,7.64));
#4142=CARTESIAN_POINT('Origin',(1.65213722710936,-39.8390744102156,7.64));
#4143=CARTESIAN_POINT('',(1.65700515640125,-39.0232514189834,7.64));
#4144=CARTESIAN_POINT('',(1.78208620967627,-18.0607449998003,7.64));
#4145=CARTESIAN_POINT('',(1.65700515640125,-39.0232514189834,7.64));
#4146=CARTESIAN_POINT('Origin',(3.89570708424604,-39.8489896327795,7.64));
#4147=CARTESIAN_POINT('',(6.13440901209083,-40.6747278465756,7.64));
#4148=CARTESIAN_POINT('',(-4.89323038298663,-36.6072174990749,7.64));
#4149=CARTESIAN_POINT('',(6.13440901209083,-40.6747278465756,7.64));
#4150=CARTESIAN_POINT('Origin',(3.07016785949661,-38.3882839129038,7.64));
#4151=CARTESIAN_POINT('',(0.00592670690238536,-36.1018399792321,7.64));
#4152=CARTESIAN_POINT('',(-8.00944612685625,-30.1210115524782,7.64));
#4153=CARTESIAN_POINT('',(0.00592670690238536,-36.1018399792321,7.64));
#4154=CARTESIAN_POINT('Origin',(0.00214865339795606,-36.9969633003211,7.64));
#4155=CARTESIAN_POINT('',(0.0880932737058265,-16.6343522707196,7.64));
#4156=CARTESIAN_POINT('Origin',(21.,39.,1.55));
#4157=CARTESIAN_POINT('',(19.5,39.,1.55));
#4158=CARTESIAN_POINT('Origin',(21.,39.,1.55));
#4159=CARTESIAN_POINT('',(19.5,39.,2.55));
#4160=CARTESIAN_POINT('',(19.5,39.,1.55));
#4161=CARTESIAN_POINT('Origin',(21.,39.,2.55));
#4162=CARTESIAN_POINT('Origin',(21.,39.,2.55));
#4163=CARTESIAN_POINT('Origin',(-21.,39.,1.55));
#4164=CARTESIAN_POINT('',(-22.5,39.,1.55));
#4165=CARTESIAN_POINT('Origin',(-21.,39.,1.55));
#4166=CARTESIAN_POINT('',(-22.5,39.,2.55));
#4167=CARTESIAN_POINT('',(-22.5,39.,1.55));
#4168=CARTESIAN_POINT('Origin',(-21.,39.,2.55));
#4169=CARTESIAN_POINT('Origin',(-21.,39.,2.55));
#4170=CARTESIAN_POINT('Origin',(21.,-39.,1.55));
#4171=CARTESIAN_POINT('',(19.5,-39.,1.55));
#4172=CARTESIAN_POINT('Origin',(21.,-39.,1.55));
#4173=CARTESIAN_POINT('',(19.5,-39.,2.55));
#4174=CARTESIAN_POINT('',(19.5,-39.,1.55));
#4175=CARTESIAN_POINT('Origin',(21.,-39.,2.55));
#4176=CARTESIAN_POINT('Origin',(21.,-39.,2.55));
#4177=CARTESIAN_POINT('Origin',(-21.,-39.,1.55));
#4178=CARTESIAN_POINT('',(-22.5,-39.,1.55));
#4179=CARTESIAN_POINT('Origin',(-21.,-39.,1.55));
#4180=CARTESIAN_POINT('',(-22.5,-39.,2.55));
#4181=CARTESIAN_POINT('',(-22.5,-39.,1.55));
#4182=CARTESIAN_POINT('Origin',(-21.,-39.,2.55));
#4183=CARTESIAN_POINT('Origin',(-21.,-39.,2.55));
#4184=CARTESIAN_POINT('Origin',(-21.,39.,5.64));
#4185=CARTESIAN_POINT('',(-23.5,39.,1.55));
#4186=CARTESIAN_POINT('Origin',(-21.,39.,1.55));
#4187=CARTESIAN_POINT('',(-23.5,39.,5.64));
#4188=CARTESIAN_POINT('',(-23.5,39.,5.64));
#4189=CARTESIAN_POINT('Origin',(-21.,39.,5.64));
#4190=CARTESIAN_POINT('Origin',(0.,-4.44089209850063E-15,1.55));
#4191=CARTESIAN_POINT('Origin',(21.,-39.,5.64));
#4192=CARTESIAN_POINT('',(18.5,-39.,1.55));
#4193=CARTESIAN_POINT('Origin',(21.,-39.,1.55));
#4194=CARTESIAN_POINT('',(18.5,-39.,5.64));
#4195=CARTESIAN_POINT('',(18.5,-39.,5.64));
#4196=CARTESIAN_POINT('Origin',(21.,-39.,5.64));
#4197=CARTESIAN_POINT('Origin',(0.,-4.44089209850063E-15,1.55));
#4198=CARTESIAN_POINT('Origin',(21.,39.,5.64));
#4199=CARTESIAN_POINT('',(18.5,39.,1.55));
#4200=CARTESIAN_POINT('Origin',(21.,39.,1.55));
#4201=CARTESIAN_POINT('',(18.5,39.,5.64));
#4202=CARTESIAN_POINT('',(18.5,39.,5.64));
#4203=CARTESIAN_POINT('Origin',(21.,39.,5.64));
#4204=CARTESIAN_POINT('Origin',(0.,-4.44089209850063E-15,1.55));
#4205=CARTESIAN_POINT('Origin',(-21.,-39.,5.64));
#4206=CARTESIAN_POINT('',(-23.5,-39.,1.55));
#4207=CARTESIAN_POINT('Origin',(-21.,-39.,1.55));
#4208=CARTESIAN_POINT('',(-23.5,-39.,5.64));
#4209=CARTESIAN_POINT('',(-23.5,-39.,5.64));
#4210=CARTESIAN_POINT('Origin',(-21.,-39.,5.64));
#4211=CARTESIAN_POINT('Origin',(0.,-4.44089209850063E-15,1.55));
#4212=CARTESIAN_POINT('Origin',(15.,-43.92100667811,7.64));
#4213=CARTESIAN_POINT('',(15.,-43.92100667811,7.64));
#4214=CARTESIAN_POINT('',(14.,-42.92100667811,6.64));
#4215=CARTESIAN_POINT('',(9.99999999999998,-38.92100667811,2.64));
#4216=CARTESIAN_POINT('',(15.,-43.92100667811,5.64));
#4217=CARTESIAN_POINT('',(14.6666666666666,-43.5876733447767,5.97333333333333));
#4218=CARTESIAN_POINT('',(15.,-43.92100667811,6.64));
#4219=CARTESIAN_POINT('Origin',(15.,-43.92100667811,5.64));
#4220=CARTESIAN_POINT('',(-15.,-43.92100667811,5.64));
#4221=CARTESIAN_POINT('',(-14.,-42.92100667811,6.64));
#4222=CARTESIAN_POINT('',(-10.,-38.92100667811,10.64));
#4223=CARTESIAN_POINT('',(-27.5,-43.92100667811,5.64));
#4224=CARTESIAN_POINT('',(-2.80905242569538E-14,-42.92100667811,6.64));
#4225=CARTESIAN_POINT('Origin',(-15.,-43.92100667811,5.64));
#4226=CARTESIAN_POINT('',(-15.,-43.92100667811,7.64));
#4227=CARTESIAN_POINT('',(-14.6666666666667,-43.5876733447766,7.30666666666666));
#4228=CARTESIAN_POINT('',(-15.0000000000001,-43.92100667811,5.64));
#4229=CARTESIAN_POINT('Origin',(-15.,-43.92100667811,7.64));
#4230=CARTESIAN_POINT('',(-27.5,-43.92100667811,7.64));
#4231=CARTESIAN_POINT('Origin',(15.,51.378993321881,7.64));
#4232=CARTESIAN_POINT('',(15.,51.378993321881,7.64));
#4233=CARTESIAN_POINT('',(14.,50.378993321881,6.64));
#4234=CARTESIAN_POINT('',(10.,46.378993321881,2.64));
#4235=CARTESIAN_POINT('',(15.,51.378993321881,5.64));
#4236=CARTESIAN_POINT('',(15.,51.378993321881,6.64));
#4237=CARTESIAN_POINT('',(14.6666666666667,51.0456599885477,5.97333333333333));
#4238=CARTESIAN_POINT('Origin',(15.,51.378993321881,5.64));
#4239=CARTESIAN_POINT('',(-15.,51.378993321881,5.64));
#4240=CARTESIAN_POINT('',(-14.,50.378993321881,6.64));
#4241=CARTESIAN_POINT('',(-10.,46.378993321881,10.64));
#4242=CARTESIAN_POINT('',(0.,50.378993321881,6.64));
#4243=CARTESIAN_POINT('',(27.5,51.378993321881,5.64));
#4244=CARTESIAN_POINT('Origin',(-15.,51.378993321881,5.64));
#4245=CARTESIAN_POINT('',(-15.,51.378993321881,7.64));
#4246=CARTESIAN_POINT('',(-15.,51.378993321881,5.64));
#4247=CARTESIAN_POINT('',(-14.6666666666667,51.0456599885477,7.30666666666666));
#4248=CARTESIAN_POINT('Origin',(-15.,51.378993321881,7.64));
#4249=CARTESIAN_POINT('',(27.5,51.378993321881,7.64));
#4250=CARTESIAN_POINT('Origin',(27.5,28.7289933218855,7.64));
#4251=CARTESIAN_POINT('',(27.5,28.7289933218855,7.64));
#4252=CARTESIAN_POINT('',(26.5,27.7289933218855,6.64));
#4253=CARTESIAN_POINT('',(19.1666666666667,20.3956599885522,-0.693333333333337));
#4254=CARTESIAN_POINT('',(27.5,28.7289933218855,5.64));
#4255=CARTESIAN_POINT('',(27.1666666666667,28.3956599885522,5.97333333333333));
#4256=CARTESIAN_POINT('',(27.5,28.7289933218855,6.64));
#4257=CARTESIAN_POINT('Origin',(27.5,28.7289933218855,5.64));
#4258=CARTESIAN_POINT('',(27.5,-21.2710066781145,5.64));
#4259=CARTESIAN_POINT('',(26.5,-20.2710066781145,6.64));
#4260=CARTESIAN_POINT('',(19.1666666666667,-12.9376733447812,13.9733333333333));
#4261=CARTESIAN_POINT('',(27.5,-43.92100667811,5.64));
#4262=CARTESIAN_POINT('',(26.5,3.7289933218855,6.64));
#4263=CARTESIAN_POINT('Origin',(27.5,-21.2710066781145,5.64));
#4264=CARTESIAN_POINT('',(27.5,-21.2710066781145,7.64));
#4265=CARTESIAN_POINT('',(27.1666666666667,-20.9376733447812,7.30666666666666));
#4266=CARTESIAN_POINT('',(27.5,-21.2710066781145,5.64));
#4267=CARTESIAN_POINT('Origin',(27.5,-21.2710066781145,7.64));
#4268=CARTESIAN_POINT('',(27.5,-43.92100667811,7.64));
#4269=CARTESIAN_POINT('Origin',(-27.5,28.7289933218855,7.64));
#4270=CARTESIAN_POINT('',(-27.5,28.7289933218855,7.64));
#4271=CARTESIAN_POINT('',(-26.5,27.7289933218855,6.64));
#4272=CARTESIAN_POINT('',(-19.1666666666667,20.3956599885522,-0.693333333333337));
#4273=CARTESIAN_POINT('',(-27.5,28.7289933218855,5.64));
#4274=CARTESIAN_POINT('',(-27.5,28.7289933218855,6.64));
#4275=CARTESIAN_POINT('',(-27.1666666666667,28.3956599885522,5.97333333333333));
#4276=CARTESIAN_POINT('Origin',(-27.5,28.7289933218855,5.64));
#4277=CARTESIAN_POINT('',(-27.5,-21.2710066781145,5.64));
#4278=CARTESIAN_POINT('',(-26.5,-20.2710066781145,6.64));
#4279=CARTESIAN_POINT('',(-19.1666666666667,-12.9376733447812,13.9733333333333));
#4280=CARTESIAN_POINT('',(-26.5,3.7289933218855,6.64));
#4281=CARTESIAN_POINT('',(-27.5,51.378993321881,5.64));
#4282=CARTESIAN_POINT('Origin',(-27.5,-21.2710066781145,5.64));
#4283=CARTESIAN_POINT('',(-27.5,-21.2710066781145,7.64));
#4284=CARTESIAN_POINT('',(-27.5,-21.2710066781145,5.64));
#4285=CARTESIAN_POINT('',(-27.1666666666667,-20.9376733447812,7.30666666666666));
#4286=CARTESIAN_POINT('Origin',(-27.5,-21.2710066781145,7.64));
#4287=CARTESIAN_POINT('',(-27.5,51.378993321881,7.64));
#4288=CARTESIAN_POINT('Origin',(27.5,-43.92100667811,5.64));
#4289=CARTESIAN_POINT('',(27.5,51.378993321881,5.64));
#4290=CARTESIAN_POINT('',(27.5,-43.92100667811,5.64));
#4291=CARTESIAN_POINT('',(27.5,51.378993321881,7.64));
#4292=CARTESIAN_POINT('',(27.5,51.378993321881,5.64));
#4293=CARTESIAN_POINT('',(27.5,-43.92100667811,7.64));
#4294=CARTESIAN_POINT('Origin',(-27.5,-43.92100667811,5.64));
#4295=CARTESIAN_POINT('',(-27.5,-43.92100667811,7.64));
#4296=CARTESIAN_POINT('',(-27.5,-43.92100667811,7.64));
#4297=CARTESIAN_POINT('',(-27.5,-43.92100667811,5.64));
#4298=CARTESIAN_POINT('',(-27.5,-43.92100667811,5.64));
#4299=CARTESIAN_POINT('',(-27.5,-43.92100667811,5.64));
#4300=CARTESIAN_POINT('Origin',(-27.5,-43.92100667811,5.64));
#4301=CARTESIAN_POINT('',(27.5,-43.92100667811,5.64));
#4302=CARTESIAN_POINT('',(-27.5,-43.92100667811,5.64));
#4303=CARTESIAN_POINT('',(27.5,-43.92100667811,7.64));
#4304=CARTESIAN_POINT('',(27.5,-43.92100667811,5.64));
#4305=CARTESIAN_POINT('',(-27.5,-43.92100667811,7.64));
#4306=CARTESIAN_POINT('Origin',(27.5,51.378993321881,5.64));
#4307=CARTESIAN_POINT('',(-27.5,51.378993321881,5.64));
#4308=CARTESIAN_POINT('',(27.5,51.378993321881,5.64));
#4309=CARTESIAN_POINT('',(-27.5,51.378993321881,7.64));
#4310=CARTESIAN_POINT('',(-27.5,51.378993321881,5.64));
#4311=CARTESIAN_POINT('',(27.5,51.378993321881,7.64));
#4312=CARTESIAN_POINT('Origin',(27.5,51.378993321881,5.64));
#4313=CARTESIAN_POINT('',(27.5,51.378993321881,7.64));
#4314=CARTESIAN_POINT('',(27.5,51.378993321881,5.64));
#4315=CARTESIAN_POINT('Origin',(-27.5,51.378993321881,5.64));
#4316=CARTESIAN_POINT('',(-27.5,51.378993321881,7.64));
#4317=CARTESIAN_POINT('',(-27.5,51.378993321881,5.64));
#4318=CARTESIAN_POINT('Origin',(-27.5,51.378993321881,5.64));
#4319=CARTESIAN_POINT('',(-27.5,51.378993321881,5.64));
#4320=CARTESIAN_POINT('',(-27.5,51.378993321881,7.64));
#4321=CARTESIAN_POINT('Origin',(-11.15,32.878993321881,6.64));
#4322=CARTESIAN_POINT('',(24.3,33.878993321881,7.64));
#4323=CARTESIAN_POINT('',(-24.3,33.878993321881,7.64));
#4324=CARTESIAN_POINT('',(-11.15,33.878993321881,7.64));
#4325=CARTESIAN_POINT('',(-22.3,31.878993321881,5.64));
#4326=CARTESIAN_POINT('',(-24.3,33.878993321881,7.64));
#4327=CARTESIAN_POINT('',(22.3,31.878993321881,5.64));
#4328=CARTESIAN_POINT('',(22.3,31.878993321881,5.64));
#4329=CARTESIAN_POINT('',(24.3,33.878993321881,7.64));
#4330=CARTESIAN_POINT('Origin',(-23.3,-11.5960066781123,6.64));
#4331=CARTESIAN_POINT('',(-24.3,-28.92100667811,7.64));
#4332=CARTESIAN_POINT('',(-24.3,-11.5960066781123,7.64));
#4333=CARTESIAN_POINT('',(-22.3,-26.92100667811,5.64));
#4334=CARTESIAN_POINT('',(-24.3,-28.92100667811,7.64));
#4335=CARTESIAN_POINT('',(-22.3,31.878993321881,5.64));
#4336=CARTESIAN_POINT('Origin',(11.15,-27.92100667811,6.64));
#4337=CARTESIAN_POINT('',(24.3,-28.92100667811,7.64));
#4338=CARTESIAN_POINT('',(11.15,-28.92100667811,7.64));
#4339=CARTESIAN_POINT('',(22.3,-26.92100667811,5.64));
#4340=CARTESIAN_POINT('',(24.3,-28.92100667811,7.64));
#4341=CARTESIAN_POINT('',(-22.3,-26.92100667811,5.64));
#4342=CARTESIAN_POINT('Origin',(23.3,17.8039933218832,6.64));
#4343=CARTESIAN_POINT('',(22.3,-26.92100667811,5.64));
#4344=CARTESIAN_POINT('',(24.3,17.8039933218832,7.64));
#4345=CARTESIAN_POINT('Origin',(0.,3.7289933218855,7.64));
#4346=CARTESIAN_POINT('',(27.5,-43.92100667811,7.64));
#4347=CARTESIAN_POINT('Origin',(27.5,-43.92100667811,5.64));
#4348=CARTESIAN_POINT('',(27.5,-43.92100667811,5.64));
#4349=CARTESIAN_POINT('Origin',(0.,3.7289933218855,5.64));
#4350=CARTESIAN_POINT('Origin',(6.28492424049177,-45.92100667811,-7.79223304703363));
#4351=CARTESIAN_POINT('',(6.42634559672907,53.378993321881,-7.93365440327094));
#4352=CARTESIAN_POINT('',(6.28492424049177,53.378993321881,-7.59223304703363));
#4353=CARTESIAN_POINT('Origin',(6.28492424049177,53.378993321881,-7.79223304703363));
#4354=CARTESIAN_POINT('',(6.28492424049176,-45.92100667811,-7.59223304703363));
#4355=CARTESIAN_POINT('',(6.28492424049177,-45.92100667811,-7.59223304703363));
#4356=CARTESIAN_POINT('',(6.42634559672907,-45.92100667811,-7.93365440327094));
#4357=CARTESIAN_POINT('Origin',(6.28492424049177,-45.92100667811,-7.79223304703363));
#4358=CARTESIAN_POINT('',(6.42634559672907,-45.92100667811,-7.93365440327094));
#4359=CARTESIAN_POINT('Origin',(6.76776695296638,-45.92100667811,-7.59223304703363));
#4360=CARTESIAN_POINT('',(4.80000000000001,-45.92100667811,-9.56));
#4361=CARTESIAN_POINT('',(4.80000000000001,-45.92100667811,-9.56));
#4362=CARTESIAN_POINT('',(4.80000000000001,53.378993321881,-9.56));
#4363=CARTESIAN_POINT('',(4.80000000000001,-45.92100667811,-9.56));
#4364=CARTESIAN_POINT('',(1.76689062175912,53.378993321881,-12.5931093782409));
#4365=CARTESIAN_POINT('Origin',(0.555513459494854,-45.92100667811,-21.3834848783912));
#4366=CARTESIAN_POINT('',(-6.28492424049174,-45.92100667811,-7.59223304703363));
#4367=CARTESIAN_POINT('',(-6.76776695296636,-45.92100667811,-7.59223304703363));
#4368=CARTESIAN_POINT('',(-6.42634559672905,-45.92100667811,-7.93365440327094));
#4369=CARTESIAN_POINT('Origin',(-6.28492424049174,-45.92100667811,-7.79223304703363));
#4370=CARTESIAN_POINT('',(-4.79999999999999,-45.92100667811,-9.56));
#4371=CARTESIAN_POINT('',(-4.79999999999999,-45.92100667811,-9.56));
#4372=CARTESIAN_POINT('',(-21.5000003352761,-45.92100667811,-9.56));
#4373=CARTESIAN_POINT('',(-21.5000003352761,-45.92100667811,-9.56));
#4374=CARTESIAN_POINT('',(-22.5000003352761,-45.92100667811,-10.56));
#4375=CARTESIAN_POINT('Origin',(-21.5000003352761,-45.92100667811,-10.56));
#4376=CARTESIAN_POINT('',(-22.5000003352761,-45.92100667811,-12.56));
#4377=CARTESIAN_POINT('',(-22.5000003352761,-45.92100667811,-10.56));
#4378=CARTESIAN_POINT('',(-21.5000003352761,-45.92100667811,-13.56));
#4379=CARTESIAN_POINT('Origin',(-21.5000003352761,-45.92100667811,-12.56));
#4380=CARTESIAN_POINT('',(18.6110272542658,-45.92100667811,-13.56));
#4381=CARTESIAN_POINT('',(-21.5000003352761,-45.92100667811,-13.56));
#4382=CARTESIAN_POINT('',(19.4770526580503,-45.92100667811,-15.06));
#4383=CARTESIAN_POINT('Origin',(18.6110272542658,-45.92100667811,-14.56));
#4384=CARTESIAN_POINT('',(9.30717967697249,-45.92100667811,-32.6747367097487));
#4385=CARTESIAN_POINT('',(19.4770526580503,-45.92100667811,-15.06));
#4386=CARTESIAN_POINT('',(9.67320508075693,-45.92100667811,-34.0407621135332));
#4387=CARTESIAN_POINT('Origin',(10.1732050807569,-45.92100667811,-33.1747367097487));
#4388=CARTESIAN_POINT('',(11.4052558883258,-45.92100667811,-35.0407621135332));
#4389=CARTESIAN_POINT('',(11.4052558883258,-45.92100667811,-35.0407621135332));
#4390=CARTESIAN_POINT('',(12.7712812921102,-45.92100667811,-34.6747367097487));
#4391=CARTESIAN_POINT('Origin',(11.9052558883258,-45.92100667811,-34.1747367097487));
#4392=CARTESIAN_POINT('',(22.941154273188,-45.92100667811,-17.06));
#4393=CARTESIAN_POINT('',(22.941154273188,-45.92100667811,-17.06));
#4394=CARTESIAN_POINT('',(18.6110272542658,-45.92100667811,-9.56));
#4395=CARTESIAN_POINT('Origin',(18.6110272542658,-45.92100667811,-14.56));
#4396=CARTESIAN_POINT('',(-21.5000003352761,-45.92100667811,-9.56));
#4397=CARTESIAN_POINT('Origin',(-6.28492424049174,-45.92100667811,-7.79223304703363));
#4398=CARTESIAN_POINT('',(-6.28492424049174,53.378993321881,-7.59223304703363));
#4399=CARTESIAN_POINT('',(-6.42634559672905,53.378993321881,-7.93365440327094));
#4400=CARTESIAN_POINT('Origin',(-6.28492424049174,53.378993321881,-7.79223304703363));
#4401=CARTESIAN_POINT('',(-6.42634559672905,-45.92100667811,-7.93365440327094));
#4402=CARTESIAN_POINT('',(-6.28492424049174,-45.92100667811,-7.59223304703363));
#4403=CARTESIAN_POINT('Origin',(-4.79999999999999,-45.92100667811,-9.56));
#4404=CARTESIAN_POINT('',(-4.79999999999999,53.378993321881,-9.56));
#4405=CARTESIAN_POINT('',(-0.505250415528474,53.378993321881,-13.8547495844715));
#4406=CARTESIAN_POINT('',(-4.79999999999999,-45.92100667811,-9.56));
#4407=CARTESIAN_POINT('Origin',(9.3071796769725,-45.92100667811,-32.6747367097487));
#4408=CARTESIAN_POINT('',(19.4770526580503,53.378993321881,-15.06));
#4409=CARTESIAN_POINT('',(9.30717967697249,53.378993321881,-32.6747367097487));
#4410=CARTESIAN_POINT('',(10.6578491314086,53.378993321881,-30.3353085904341));
#4411=CARTESIAN_POINT('',(9.30717967697249,-45.92100667811,-32.6747367097487));
#4412=CARTESIAN_POINT('',(19.4770526580503,-45.92100667811,-15.06));
#4413=CARTESIAN_POINT('Origin',(10.1732050807569,-45.92100667811,-33.1747367097487));
#4414=CARTESIAN_POINT('',(9.67320508075693,53.378993321881,-34.0407621135332));
#4415=CARTESIAN_POINT('Origin',(10.1732050807569,53.378993321881,-33.1747367097487));
#4416=CARTESIAN_POINT('',(9.67320508075693,-45.92100667811,-34.0407621135332));
#4417=CARTESIAN_POINT('Origin',(11.4052558883258,-45.92100667811,-35.0407621135332));
#4418=CARTESIAN_POINT('',(11.4052558883258,53.378993321881,-35.0407621135332));
#4419=CARTESIAN_POINT('',(4.37971521947424,53.378993321881,-30.9845643171691));
#4420=CARTESIAN_POINT('',(11.4052558883258,-45.92100667811,-35.0407621135332));
#4421=CARTESIAN_POINT('Origin',(11.9052558883258,-45.92100667811,-34.1747367097487));
#4422=CARTESIAN_POINT('',(12.7712812921102,53.378993321881,-34.6747367097487));
#4423=CARTESIAN_POINT('Origin',(11.9052558883258,53.378993321881,-34.1747367097487));
#4424=CARTESIAN_POINT('',(12.7712812921102,-45.92100667811,-34.6747367097487));
#4425=CARTESIAN_POINT('Origin',(22.941154273188,-45.92100667811,-17.06));
#4426=CARTESIAN_POINT('',(22.941154273188,53.378993321881,-17.06));
#4427=CARTESIAN_POINT('',(19.2068872370852,53.378993321881,-23.5279402355597));
#4428=CARTESIAN_POINT('',(22.941154273188,-45.92100667811,-17.06));
#4429=CARTESIAN_POINT('Origin',(18.6110272542658,-45.92100667811,-14.56));
#4430=CARTESIAN_POINT('',(18.6110272542658,53.378993321881,-9.56));
#4431=CARTESIAN_POINT('Origin',(18.6110272542658,53.378993321881,-14.56));
#4432=CARTESIAN_POINT('',(18.6110272542658,-45.92100667811,-9.56));
#4433=CARTESIAN_POINT('Origin',(4.80000000000001,-45.92100667811,-9.56));
#4434=CARTESIAN_POINT('',(2.67775672974745,53.378993321881,-9.56));
#4435=CARTESIAN_POINT('Origin',(-6.76776695296636,-45.92100667811,-7.59223304703363));
#4436=CARTESIAN_POINT('',(-3.10612674673574,53.378993321881,-7.59223304703363));
#4437=CARTESIAN_POINT('Origin',(-21.5000003352761,-45.92100667811,-9.56));
#4438=CARTESIAN_POINT('',(-21.5000003352761,53.378993321881,-9.56));
#4439=CARTESIAN_POINT('',(-10.4722434378906,53.378993321881,-9.56));
#4440=CARTESIAN_POINT('',(-21.5000003352761,-45.92100667811,-9.56));
#4441=CARTESIAN_POINT('Origin',(-21.5000003352761,-45.92100667811,-10.56));
#4442=CARTESIAN_POINT('',(-22.5000003352761,53.378993321881,-10.56));
#4443=CARTESIAN_POINT('Origin',(-21.5000003352761,53.378993321881,-10.56));
#4444=CARTESIAN_POINT('',(-22.5000003352761,-45.92100667811,-10.56));
#4445=CARTESIAN_POINT('Origin',(-22.5000003352761,-45.92100667811,-12.56));
#4446=CARTESIAN_POINT('',(-22.5000003352761,53.378993321881,-12.56));
#4447=CARTESIAN_POINT('',(-22.5000003352761,53.378993321881,-16.9717424391956));
#4448=CARTESIAN_POINT('',(-22.5000003352761,-45.92100667811,-12.56));
#4449=CARTESIAN_POINT('Origin',(-21.5000003352761,-45.92100667811,-12.56));
#4450=CARTESIAN_POINT('',(-21.5000003352761,53.378993321881,-13.56));
#4451=CARTESIAN_POINT('Origin',(-21.5000003352761,53.378993321881,-12.56));
#4452=CARTESIAN_POINT('',(-21.5000003352761,-45.92100667811,-13.56));
#4453=CARTESIAN_POINT('Origin',(18.6110272542658,-45.92100667811,-13.56));
#4454=CARTESIAN_POINT('',(18.6110272542658,53.378993321881,-13.56));
#4455=CARTESIAN_POINT('',(9.58327035688036,53.378993321881,-13.56));
#4456=CARTESIAN_POINT('',(18.6110272542658,-45.92100667811,-13.56));
#4457=CARTESIAN_POINT('Origin',(18.6110272542658,-45.92100667811,-14.56));
#4458=CARTESIAN_POINT('Origin',(18.6110272542658,53.378993321881,-14.56));
#4459=CARTESIAN_POINT('Origin',(0.555513459494856,53.378993321881,-21.3834848783912));
#4460=UNCERTAINTY_MEASURE_WITH_UNIT(LENGTH_MEASURE(0.01),#4464,
'DISTANCE_ACCURACY_VALUE',
'Maximum model space distance between geometric entities at asserted c
onnectivities');
#4461=UNCERTAINTY_MEASURE_WITH_UNIT(LENGTH_MEASURE(0.01),#4464,
'DISTANCE_ACCURACY_VALUE',
'Maximum model space distance between geometric entities at asserted c
onnectivities');
#4462=(
GEOMETRIC_REPRESENTATION_CONTEXT(3)
GLOBAL_UNCERTAINTY_ASSIGNED_CONTEXT((#4460))
GLOBAL_UNIT_ASSIGNED_CONTEXT((#4464,#4465,#4466))
REPRESENTATION_CONTEXT('','3D')
);
#4463=(
GEOMETRIC_REPRESENTATION_CONTEXT(3)
GLOBAL_UNCERTAINTY_ASSIGNED_CONTEXT((#4461))
GLOBAL_UNIT_ASSIGNED_CONTEXT((#4464,#4465,#4466))
REPRESENTATION_CONTEXT('','3D')
);
#4464=(
LENGTH_UNIT()
NAMED_UNIT(*)
SI_UNIT(.MILLI.,.METRE.)
);
#4465=(
NAMED_UNIT(*)
PLANE_ANGLE_UNIT()
SI_UNIT($,.RADIAN.)
);
#4466=(
NAMED_UNIT(*)
SI_UNIT($,.STERADIAN.)
SOLID_ANGLE_UNIT()
);
#4467=SHAPE_DEFINITION_REPRESENTATION(#4468,#4469);
#4468=PRODUCT_DEFINITION_SHAPE('',$,#4471);
#4469=SHAPE_REPRESENTATION('',(#2688),#4462);
#4470=PRODUCT_DEFINITION_CONTEXT('part definition',#4475,'design');
#4471=PRODUCT_DEFINITION('2026-05-22-18-56-19-709','Greenlight Case',#4472,
#4470);
#4472=PRODUCT_DEFINITION_FORMATION('',$,#4477);
#4473=PRODUCT_RELATED_PRODUCT_CATEGORY('Greenlight Case',
'Greenlight Case',(#4477));
#4474=APPLICATION_PROTOCOL_DEFINITION('international standard',
'automotive_design',2009,#4475);
#4475=APPLICATION_CONTEXT(
'Core Data for Automotive Mechanical Design Process');
#4476=PRODUCT_CONTEXT('part definition',#4475,'mechanical');
#4477=PRODUCT('2026-05-22-18-56-19-709','Greenlight Case',$,(#4476));
#4478=PRESENTATION_STYLE_ASSIGNMENT((#4479));
#4479=SURFACE_STYLE_USAGE(.BOTH.,#4480);
#4480=SURFACE_SIDE_STYLE('',(#4481));
#4481=SURFACE_STYLE_FILL_AREA(#4482);
#4482=FILL_AREA_STYLE('Steel - Satin',(#4483));
#4483=FILL_AREA_STYLE_COLOUR('Steel - Satin',#4484);
#4484=COLOUR_RGB('Steel - Satin',0.627450980392157,0.627450980392157,0.627450980392157);
ENDSEC;
END-ISO-10303-21;
